date,agent_id,region,channel,issue_type,call_duration_min,wait_time_min,resolved,sale,customer_rating
2026-08-21,A004,Санкт-Петербург,Телефон,Карта,6.09,2.37,1,0,4.3
2026-08-22,A024,Екатеринбург,Телефон,Техническая проблема,3.2,0.31,1,0,4.5
2026-08-08,A017,Санкт-Петербург,Телефон,Техническая проблема,8.04,0.1,1,0,4.7
2026-08-14,A008,Казань,Чат,Техническая проблема,4.15,0.36,1,1,4.2
2026-08-26,A006,Казань,Чат,Карта,5.64,1.02,1,0,3.5
2026-08-11,A004,Москва,Телефон,Кредит,6.67,0.27,1,0,3.7
2026-08-09,A026,Москва,Телефон,Кредит,3.57,1.1,0,0,3.8
2026-08-18,A010,Санкт-Петербург,Чат,Техническая проблема,4.07,1.3,1,1,4.7
2026-08-08,A025,Санкт-Петербург,Чат,Консультация,4.22,1.68,0,0,4.4
2026-08-15,A021,Казань,Чат,Платеж,4.12,0.18,1,0,4.8
2026-08-23,A030,Санкт-Петербург,Телефон,Техническая проблема,4.12,0.23,1,0,5.0
2026-08-15,A013,Санкт-Петербург,Чат,Техническая проблема,4.24,4.32,1,0,4.4
2026-08-25,A002,Казань,Телефон,Консультация,6.68,0.67,1,0,3.9
2026-08-30,A019,Екатеринбург,Чат,Платеж,10.2,0.37,1,0,4.9
2026-08-15,A005,Санкт-Петербург,Чат,Платеж,6.53,0.17,1,0,4.5
2026-08-24,A019,Екатеринбург,Чат,Техническая проблема,3.38,0.57,1,0,3.7
2026-08-05,A017,Москва,Чат,Консультация,4.37,0.59,0,0,4.9
2026-08-06,A026,Москва,Чат,Техническая проблема,3.17,2.92,1,0,4.5
2026-08-15,A017,Москва,Чат,Техническая проблема,3.98,0.1,1,0,4.7
2026-08-29,A018,Москва,Чат,Карта,6.25,2.35,1,0,4.8
2026-08-01,A024,Санкт-Петербург,Чат,Техническая проблема,3.69,3.58,1,0,4.3
2026-08-21,A010,Казань,Телефон,Платеж,2.49,0.12,1,0,4.9
2026-08-25,A030,Казань,Телефон,Техническая проблема,3.21,2.35,1,0,3.9
2026-08-12,A029,Москва,Чат,Платеж,6.7,1.15,1,0,4.5
2026-08-03,A003,Санкт-Петербург,Чат,Консультация,5.85,2.57,1,0,4.1
2026-08-18,A006,Екатеринбург,Чат,Техническая проблема,7.89,1.23,0,0,4.6
2026-08-25,A024,Екатеринбург,Телефон,Карта,1.0,0.1,0,0,4.8
2026-08-15,A029,Санкт-Петербург,Чат,Консультация,2.65,1.28,1,0,4.9
2026-08-19,A018,Санкт-Петербург,Телефон,Техническая проблема,4.8,0.95,1,0,4.6
2026-08-02,A008,Казань,Телефон,Консультация,3.78,0.14,1,0,4.7
2026-08-22,A016,Санкт-Петербург,Телефон,Техническая проблема,3.74,4.78,1,0,4.2
2026-08-19,A016,Екатеринбург,Телефон,Кредит,6.1,3.69,1,1,4.9
2026-08-14,A012,Екатеринбург,Чат,Кредит,4.25,4.02,0,1,4.6
2026-08-21,A021,Екатеринбург,Телефон,Консультация,7.67,4.08,1,0,4.5
2026-08-04,A008,Екатеринбург,Телефон,Платеж,3.94,0.47,1,0,4.3
2026-08-15,A008,Москва,Телефон,Кредит,7.49,3.55,1,0,4.3
2026-08-27,A001,Санкт-Петербург,Телефон,Платеж,5.21,0.97,1,0,4.3
2026-08-28,A013,Екатеринбург,Телефон,Платеж,4.49,0.74,1,0,4.3
2026-08-30,A026,Екатеринбург,Чат,Карта,4.91,1.32,1,0,4.6
2026-08-26,A018,Санкт-Петербург,Чат,Платеж,3.5,6.42,1,0,5.0
2026-08-19,A024,Москва,Телефон,Карта,1.75,0.6,1,0,4.4
2026-08-30,A028,Москва,Телефон,Консультация,5.38,1.26,1,0,4.2
2026-08-03,A022,Москва,Телефон,Кредит,4.85,0.28,0,0,4.5
2026-08-19,A020,Москва,Телефон,Техническая проблема,5.81,0.5,1,0,4.4
2026-08-17,A011,Казань,Чат,Платеж,7.26,0.49,1,0,4.7
2026-08-22,A021,Казань,Чат,Кредит,3.76,1.8,0,0,5.0
2026-08-01,A015,Санкт-Петербург,Телефон,Консультация,6.26,0.17,1,0,5.0
2026-08-12,A029,Казань,Телефон,Платеж,4.31,0.37,1,0,4.8
2026-08-18,A023,Москва,Чат,Техническая проблема,5.38,2.04,1,0,4.2
2026-08-30,A022,Казань,Телефон,Платеж,5.22,0.46,1,0,4.2
2026-08-18,A005,Санкт-Петербург,Чат,Карта,3.29,2.11,1,0,4.6
2026-08-21,A028,Екатеринбург,Чат,Техническая проблема,6.32,0.27,1,0,4.3
2026-08-02,A003,Москва,Чат,Карта,3.79,4.66,1,0,4.3
2026-08-21,A009,Екатеринбург,Телефон,Кредит,4.56,1.94,1,1,4.7
2026-08-31,A029,Москва,Телефон,Техническая проблема,5.61,1.36,1,0,5.0
2026-08-05,A014,Казань,Телефон,Консультация,4.62,4.1,1,0,4.3
2026-08-28,A002,Санкт-Петербург,Чат,Платеж,5.67,0.75,1,0,4.8
2026-08-18,A029,Санкт-Петербург,Чат,Техническая проблема,7.54,4.09,0,0,4.0
2026-08-06,A026,Москва,Телефон,Кредит,5.65,1.85,1,0,4.6
2026-08-26,A030,Казань,Чат,Платеж,5.61,0.1,1,0,4.8
2026-08-13,A028,Санкт-Петербург,Телефон,Кредит,5.73,0.1,1,0,4.1
2026-08-12,A010,Москва,Телефон,Платеж,5.51,2.12,1,0,3.9
2026-08-09,A028,Казань,Телефон,Карта,3.06,2.24,1,0,4.7
2026-08-27,A018,Москва,Чат,Консультация,3.85,2.47,0,0,3.9
2026-08-19,A009,Екатеринбург,Телефон,Консультация,6.93,1.93,1,0,4.6
2026-08-14,A020,Санкт-Петербург,Телефон,Кредит,3.64,0.83,1,0,4.5
2026-08-01,A017,Екатеринбург,Телефон,Карта,3.6,6.5,1,0,4.0
2026-08-11,A020,Казань,Чат,Консультация,6.78,1.8,1,0,4.3
2026-08-11,A013,Санкт-Петербург,Чат,Техническая проблема,5.22,1.55,1,0,5.0
2026-08-13,A022,Казань,Телефон,Техническая проблема,2.67,2.31,1,0,4.4
2026-08-10,A010,Казань,Телефон,Кредит,3.27,5.08,1,0,4.6
2026-08-07,A017,Москва,Чат,Платеж,4.98,6.12,1,0,4.7
2026-08-20,A011,Казань,Телефон,Платеж,3.68,3.43,1,0,3.7
2026-08-01,A002,Москва,Телефон,Кредит,3.53,1.46,1,0,4.2
2026-08-19,A007,Екатеринбург,Чат,Кредит,5.51,1.52,1,0,4.6
2026-08-01,A029,Санкт-Петербург,Телефон,Кредит,5.62,8.3,1,0,4.0
2026-08-17,A015,Санкт-Петербург,Телефон,Техническая проблема,5.3,3.78,0,0,3.9
2026-08-05,A026,Казань,Чат,Техническая проблема,6.77,2.18,0,0,4.9
2026-08-20,A027,Екатеринбург,Чат,Техническая проблема,2.72,2.98,0,0,4.0
2026-08-16,A015,Казань,Чат,Платеж,5.75,4.4,1,0,4.5
2026-08-21,A008,Москва,Чат,Кредит,6.13,2.88,1,0,5.0
2026-08-11,A011,Санкт-Петербург,Телефон,Платеж,7.6,2.86,1,0,4.8
2026-08-23,A007,Екатеринбург,Телефон,Кредит,4.63,0.85,1,0,4.7
2026-08-02,A007,Москва,Чат,Кредит,5.5,0.1,1,0,4.0
2026-08-13,A016,Казань,Телефон,Карта,9.37,0.61,1,0,3.6
2026-08-31,A027,Санкт-Петербург,Чат,Техническая проблема,4.45,0.1,1,0,4.4
2026-08-16,A001,Екатеринбург,Чат,Карта,4.35,0.24,1,0,4.9
2026-08-30,A005,Москва,Телефон,Кредит,8.01,0.44,1,0,4.5
2026-08-28,A015,Казань,Телефон,Консультация,3.89,0.1,1,0,4.5
2026-08-11,A011,Екатеринбург,Чат,Карта,9.5,1.83,1,1,5.0
2026-08-01,A024,Санкт-Петербург,Телефон,Карта,1.55,2.85,1,0,4.5
2026-08-21,A002,Санкт-Петербург,Телефон,Платеж,4.4,0.15,1,0,3.6
2026-08-08,A005,Санкт-Петербург,Чат,Консультация,6.11,0.95,1,0,4.8
2026-08-12,A006,Казань,Телефон,Платеж,4.6,0.52,1,1,4.3
2026-08-10,A019,Санкт-Петербург,Чат,Кредит,8.38,1.94,1,0,4.6
2026-08-21,A008,Москва,Телефон,Карта,5.88,1.7,1,0,5.0
2026-08-02,A012,Москва,Чат,Карта,2.47,0.79,1,0,4.2
2026-08-28,A014,Екатеринбург,Чат,Консультация,4.77,0.19,0,0,5.0
2026-08-27,A015,Санкт-Петербург,Телефон,Кредит,1.0,0.34,1,0,3.9
2026-08-09,A020,Екатеринбург,Чат,Кредит,1.61,1.72,1,0,3.8
2026-08-11,A028,Казань,Телефон,Консультация,4.41,0.84,0,0,4.5
2026-08-15,A019,Москва,Чат,Карта,5.31,3.49,1,0,5.0
2026-08-16,A007,Казань,Чат,Карта,3.43,0.13,1,0,4.6
2026-08-29,A009,Санкт-Петербург,Телефон,Техническая проблема,4.84,1.59,1,0,4.4
2026-08-16,A018,Екатеринбург,Телефон,Кредит,5.4,0.88,1,1,4.7
2026-08-10,A008,Казань,Чат,Платеж,4.09,1.42,1,0,5.0
2026-08-18,A017,Казань,Чат,Кредит,4.93,5.85,1,0,4.7
2026-08-10,A009,Санкт-Петербург,Телефон,Консультация,4.32,0.69,1,0,4.5
2026-08-31,A025,Санкт-Петербург,Телефон,Платеж,4.14,0.23,1,0,4.8
2026-08-19,A025,Санкт-Петербург,Чат,Консультация,6.91,3.78,1,0,5.0
2026-08-10,A001,Москва,Телефон,Карта,6.66,0.6,0,0,4.7
2026-08-23,A005,Москва,Чат,Консультация,6.19,2.96,1,0,4.1
2026-08-15,A011,Казань,Телефон,Консультация,5.16,0.84,0,0,4.5
2026-08-27,A003,Москва,Чат,Кредит,4.0,4.81,1,0,4.9
2026-08-05,A005,Санкт-Петербург,Чат,Консультация,4.81,2.5,1,0,4.9
2026-08-20,A020,Екатеринбург,Телефон,Техническая проблема,4.47,4.19,1,0,4.5
2026-08-28,A019,Москва,Чат,Карта,7.55,0.69,1,0,4.4
2026-08-31,A025,Казань,Телефон,Платеж,4.77,0.1,1,0,4.8
2026-08-06,A018,Москва,Телефон,Платеж,5.78,5.41,1,0,4.3
2026-08-16,A010,Казань,Телефон,Платеж,8.64,1.07,1,0,4.9
2026-08-15,A003,Санкт-Петербург,Телефон,Карта,3.39,2.01,1,0,3.9
2026-08-21,A005,Москва,Чат,Платеж,6.59,2.81,1,0,4.7
2026-08-20,A024,Москва,Чат,Кредит,5.18,0.11,1,0,4.0
2026-08-13,A009,Москва,Чат,Кредит,1.44,3.94,1,0,5.0
2026-08-24,A011,Москва,Чат,Консультация,3.71,0.28,1,0,4.3
2026-08-28,A019,Москва,Телефон,Карта,6.3,0.19,1,0,5.0
2026-08-17,A021,Санкт-Петербург,Чат,Карта,5.64,0.14,0,0,4.2
2026-08-27,A016,Казань,Телефон,Кредит,6.21,0.15,1,0,4.8
2026-08-04,A028,Екатеринбург,Телефон,Карта,2.59,3.02,1,0,3.8
2026-08-31,A013,Москва,Телефон,Кредит,4.0,0.16,1,0,5.0
2026-08-25,A013,Екатеринбург,Телефон,Техническая проблема,5.76,0.99,1,0,5.0
2026-08-12,A020,Москва,Чат,Кредит,4.66,1.14,1,0,4.4
2026-08-30,A010,Москва,Чат,Кредит,5.78,2.47,1,0,4.0
2026-08-26,A008,Москва,Телефон,Карта,6.09,0.85,1,1,4.4
2026-08-27,A030,Москва,Телефон,Кредит,6.44,0.46,1,0,4.2
2026-08-30,A023,Казань,Чат,Техническая проблема,5.33,8.92,1,0,4.8
2026-08-16,A008,Санкт-Петербург,Чат,Техническая проблема,5.38,6.27,1,0,4.1
2026-08-17,A024,Казань,Телефон,Консультация,9.3,2.14,1,0,4.6
2026-08-11,A030,Казань,Чат,Консультация,9.08,1.58,1,0,4.1
2026-08-19,A022,Екатеринбург,Чат,Платеж,5.0,1.74,1,0,4.8
2026-08-18,A025,Казань,Чат,Кредит,3.69,1.12,0,0,4.1
2026-08-08,A019,Екатеринбург,Чат,Платеж,7.06,0.15,1,0,3.6
2026-08-23,A030,Санкт-Петербург,Чат,Кредит,5.82,0.67,1,1,5.0
2026-08-17,A019,Екатеринбург,Чат,Консультация,6.23,0.32,1,0,4.8
2026-08-01,A024,Санкт-Петербург,Телефон,Кредит,2.82,4.86,1,0,5.0
2026-08-09,A011,Казань,Чат,Консультация,5.07,2.99,1,0,4.3
2026-08-13,A011,Москва,Чат,Техническая проблема,2.12,6.31,1,0,5.0
2026-08-22,A030,Москва,Чат,Платеж,5.7,1.14,1,0,4.5
2026-08-21,A023,Санкт-Петербург,Телефон,Кредит,2.33,0.1,1,0,4.1
2026-08-02,A011,Казань,Телефон,Карта,5.67,14.71,1,0,4.5
2026-08-17,A014,Санкт-Петербург,Телефон,Платеж,5.21,2.64,1,0,4.4
2026-08-20,A022,Санкт-Петербург,Телефон,Кредит,4.64,0.25,1,0,3.7
2026-08-15,A009,Казань,Телефон,Кредит,5.42,0.47,1,0,4.6
2026-08-15,A012,Казань,Чат,Кредит,7.11,0.8,1,0,5.0
2026-08-13,A028,Санкт-Петербург,Чат,Консультация,5.8,1.32,1,0,4.1
2026-08-10,A023,Екатеринбург,Чат,Консультация,5.41,3.44,1,0,5.0
2026-08-22,A025,Екатеринбург,Телефон,Техническая проблема,8.91,3.77,1,0,5.0
2026-08-25,A026,Казань,Телефон,Техническая проблема,3.36,0.1,1,0,4.3
2026-08-09,A022,Москва,Телефон,Консультация,6.36,2.19,1,0,5.0
2026-08-19,A012,Казань,Телефон,Консультация,4.42,0.1,1,0,4.2
2026-08-07,A005,Казань,Чат,Техническая проблема,7.11,0.9,1,0,3.6
2026-08-27,A016,Москва,Чат,Карта,6.79,0.77,1,1,4.3
2026-08-25,A008,Казань,Чат,Техническая проблема,7.9,0.91,1,0,4.4
2026-08-09,A018,Казань,Телефон,Кредит,6.97,5.38,1,0,4.5
2026-08-19,A013,Санкт-Петербург,Чат,Консультация,2.13,1.11,1,0,4.4
2026-08-31,A018,Санкт-Петербург,Чат,Техническая проблема,5.19,0.72,1,0,4.6
2026-08-15,A030,Москва,Чат,Кредит,2.85,0.14,1,0,4.7
2026-08-10,A016,Санкт-Петербург,Телефон,Консультация,3.22,0.76,0,0,4.6
2026-08-15,A012,Санкт-Петербург,Чат,Техническая проблема,5.09,1.98,0,0,4.8
2026-08-27,A016,Москва,Чат,Карта,4.4,0.1,1,0,4.2
2026-08-15,A008,Казань,Чат,Консультация,4.25,0.35,1,0,4.0
2026-08-12,A002,Санкт-Петербург,Чат,Карта,2.62,0.82,0,0,4.3
2026-08-27,A015,Москва,Телефон,Платеж,8.74,0.1,1,0,4.4
2026-08-05,A026,Санкт-Петербург,Телефон,Консультация,6.13,0.15,1,0,4.9
2026-08-08,A011,Москва,Телефон,Техническая проблема,5.0,2.95,1,0,4.3
2026-08-05,A018,Москва,Чат,Платеж,3.87,0.42,1,1,4.7
2026-08-01,A012,Казань,Телефон,Техническая проблема,4.7,1.73,1,0,3.4
2026-08-05,A024,Москва,Чат,Техническая проблема,4.07,2.48,1,0,3.4
2026-08-25,A012,Санкт-Петербург,Телефон,Кредит,6.24,1.29,0,1,4.5
2026-08-26,A030,Москва,Чат,Кредит,3.45,1.07,1,0,4.4
2026-08-13,A014,Екатеринбург,Телефон,Кредит,2.31,0.56,1,1,4.5
2026-08-20,A005,Казань,Телефон,Платеж,4.86,0.7,1,0,4.4
2026-08-23,A011,Казань,Чат,Техническая проблема,4.04,0.23,1,0,3.9
2026-08-04,A026,Санкт-Петербург,Телефон,Техническая проблема,5.59,2.05,1,0,4.8
2026-08-14,A011,Екатеринбург,Чат,Кредит,5.19,0.16,1,0,5.0
2026-08-11,A022,Санкт-Петербург,Чат,Карта,9.47,2.46,1,0,4.9
2026-08-03,A027,Екатеринбург,Телефон,Консультация,3.33,0.6,1,0,4.3
2026-08-26,A005,Казань,Телефон,Техническая проблема,7.71,1.52,1,0,3.8
2026-08-28,A022,Казань,Чат,Консультация,2.68,0.19,1,0,4.7
2026-08-19,A017,Екатеринбург,Телефон,Платеж,4.38,0.32,1,0,4.1
2026-08-28,A018,Казань,Чат,Консультация,4.13,0.34,1,0,4.0
2026-08-28,A018,Казань,Телефон,Техническая проблема,1.0,7.27,1,0,4.7
2026-08-25,A010,Москва,Чат,Карта,4.77,6.28,1,0,4.0
2026-08-22,A013,Москва,Телефон,Платеж,5.63,0.54,1,0,4.5
2026-08-13,A014,Санкт-Петербург,Чат,Карта,6.1,4.77,1,0,4.0
2026-08-25,A019,Санкт-Петербург,Телефон,Консультация,8.88,0.59,1,0,5.0
2026-08-22,A003,Екатеринбург,Чат,Кредит,4.01,0.7,1,0,4.7
2026-08-09,A007,Екатеринбург,Телефон,Карта,5.7,0.5,1,0,3.2
2026-08-19,A016,Санкт-Петербург,Чат,Консультация,5.67,0.61,1,0,4.0
2026-08-01,A007,Санкт-Петербург,Чат,Платеж,3.15,1.18,1,0,4.5
2026-08-04,A001,Санкт-Петербург,Чат,Кредит,4.03,0.74,1,0,4.4
2026-08-08,A017,Екатеринбург,Чат,Консультация,4.12,2.06,0,1,4.7
2026-08-01,A015,Екатеринбург,Телефон,Карта,6.15,1.15,1,0,5.0
2026-08-14,A010,Москва,Телефон,Кредит,2.01,4.77,0,0,3.9
2026-08-31,A020,Москва,Чат,Карта,5.87,5.02,1,1,4.1
2026-08-14,A019,Москва,Чат,Техническая проблема,6.08,3.32,1,0,5.0
2026-08-11,A008,Москва,Чат,Платеж,5.81,0.41,1,0,4.2
2026-08-17,A007,Санкт-Петербург,Чат,Карта,4.63,3.03,1,0,4.3
2026-08-07,A006,Санкт-Петербург,Телефон,Консультация,5.72,0.8,0,0,5.0
2026-08-15,A025,Казань,Чат,Техническая проблема,4.71,3.05,0,0,4.8
2026-08-05,A015,Екатеринбург,Телефон,Кредит,1.53,1.12,1,0,3.9
2026-08-19,A002,Москва,Чат,Техническая проблема,7.09,1.26,1,0,4.0
2026-08-02,A012,Москва,Чат,Консультация,5.79,0.87,1,0,4.3
2026-08-15,A019,Санкт-Петербург,Телефон,Кредит,6.81,1.76,1,0,4.4
2026-08-05,A002,Казань,Чат,Консультация,2.54,0.27,0,0,4.9
2026-08-21,A006,Екатеринбург,Телефон,Платеж,6.12,1.37,0,0,5.0
2026-08-20,A006,Казань,Чат,Карта,5.53,0.3,1,0,4.5
2026-08-22,A020,Москва,Телефон,Карта,3.24,2.45,1,0,4.0
2026-08-13,A010,Санкт-Петербург,Чат,Техническая проблема,5.33,2.59,1,0,4.2
2026-08-05,A030,Екатеринбург,Чат,Карта,4.57,3.1,1,0,4.8
2026-08-03,A010,Санкт-Петербург,Чат,Карта,4.71,2.87,1,0,4.0
2026-08-24,A022,Казань,Телефон,Кредит,4.43,2.31,1,0,4.2
2026-08-31,A007,Санкт-Петербург,Чат,Кредит,6.77,2.13,1,0,5.0
2026-08-03,A010,Москва,Телефон,Техническая проблема,2.26,0.76,1,0,4.5
2026-08-20,A005,Санкт-Петербург,Чат,Платеж,2.0,1.12,1,0,5.0
2026-08-20,A026,Москва,Телефон,Кредит,5.52,1.7,1,0,5.0
2026-08-08,A015,Санкт-Петербург,Чат,Кредит,5.4,2.15,1,0,4.7
2026-08-26,A026,Казань,Чат,Платеж,5.59,0.3,1,0,4.6
2026-08-15,A015,Екатеринбург,Чат,Кредит,8.59,0.99,0,0,5.0
2026-08-26,A020,Москва,Телефон,Карта,5.53,4.68,1,0,4.4
2026-08-18,A030,Москва,Телефон,Техническая проблема,3.42,7.54,1,0,4.3
2026-08-09,A015,Москва,Телефон,Кредит,9.77,0.92,0,0,4.6
2026-08-15,A029,Екатеринбург,Чат,Консультация,4.92,2.92,1,0,4.2
2026-08-08,A013,Санкт-Петербург,Телефон,Карта,6.73,4.54,1,0,3.4
2026-08-27,A023,Санкт-Петербург,Чат,Платеж,2.88,2.41,1,0,3.8
2026-08-16,A023,Екатеринбург,Телефон,Кредит,2.5,1.08,1,0,4.3
2026-08-01,A009,Екатеринбург,Телефон,Платеж,4.76,1.24,1,0,4.3
2026-08-10,A004,Екатеринбург,Телефон,Платеж,6.65,0.81,1,0,4.3
2026-08-03,A004,Москва,Чат,Техническая проблема,8.53,0.1,1,0,4.9
2026-08-23,A005,Москва,Чат,Кредит,3.37,5.84,1,0,4.6
2026-08-14,A006,Казань,Телефон,Техническая проблема,4.72,0.16,1,0,3.9
2026-08-17,A026,Екатеринбург,Телефон,Кредит,5.2,1.63,1,0,4.5
2026-08-12,A009,Москва,Телефон,Карта,5.23,0.42,1,0,4.4
2026-08-21,A004,Москва,Чат,Платеж,4.99,0.38,1,0,4.5
2026-08-21,A006,Санкт-Петербург,Чат,Кредит,5.14,1.5,1,1,4.2
2026-08-25,A015,Санкт-Петербург,Телефон,Карта,7.7,1.05,1,0,3.2
2026-08-02,A011,Екатеринбург,Чат,Техническая проблема,7.44,0.3,0,0,3.5
2026-08-09,A002,Казань,Телефон,Карта,5.72,5.26,0,1,4.3
2026-08-21,A011,Казань,Чат,Консультация,2.67,1.86,1,0,4.0
2026-08-15,A029,Санкт-Петербург,Чат,Карта,4.55,0.31,1,0,4.4
2026-08-30,A026,Екатеринбург,Чат,Консультация,6.88,0.1,1,0,5.0
2026-08-27,A006,Москва,Чат,Карта,3.93,2.01,1,0,4.1
2026-08-10,A015,Екатеринбург,Чат,Платеж,4.26,1.9,1,1,4.6
2026-08-28,A030,Екатеринбург,Чат,Техническая проблема,4.57,0.5,1,0,4.3
2026-08-31,A002,Казань,Телефон,Кредит,6.48,3.19,1,0,4.6
2026-08-06,A001,Екатеринбург,Телефон,Техническая проблема,8.16,0.41,1,0,3.9
2026-08-25,A021,Екатеринбург,Чат,Карта,6.27,0.1,0,1,4.3
2026-08-05,A022,Казань,Чат,Карта,2.19,4.02,1,1,5.0
2026-08-05,A017,Казань,Чат,Кредит,4.26,0.54,1,0,4.9
2026-08-04,A001,Екатеринбург,Телефон,Кредит,7.57,0.56,0,1,3.6
2026-08-25,A009,Казань,Чат,Платеж,2.9,1.45,1,0,5.0
2026-08-07,A004,Екатеринбург,Телефон,Консультация,2.04,5.34,1,0,4.2
2026-08-03,A026,Москва,Чат,Карта,4.22,3.65,1,0,4.6
2026-08-10,A028,Казань,Телефон,Платеж,6.95,2.9,1,0,4.4
2026-08-07,A026,Екатеринбург,Телефон,Платеж,4.55,0.56,1,0,4.4
2026-08-12,A015,Москва,Телефон,Техническая проблема,9.08,0.54,1,0,4.7
2026-08-23,A024,Екатеринбург,Чат,Техническая проблема,5.51,7.49,1,0,4.3
2026-08-03,A005,Екатеринбург,Чат,Консультация,2.88,0.57,1,0,4.4
2026-08-05,A029,Екатеринбург,Телефон,Платеж,5.55,0.58,1,0,4.0
2026-08-27,A004,Санкт-Петербург,Телефон,Карта,8.81,3.19,1,0,4.7
2026-08-08,A012,Казань,Чат,Консультация,5.66,1.65,1,0,4.8
2026-08-09,A005,Москва,Чат,Техническая проблема,3.39,4.42,1,0,4.6
2026-08-31,A019,Казань,Телефон,Платеж,1.89,1.32,1,0,3.8
2026-08-27,A028,Москва,Телефон,Консультация,4.57,1.66,0,0,4.5
2026-08-09,A021,Екатеринбург,Телефон,Техническая проблема,4.1,0.61,1,1,3.8
2026-08-29,A021,Екатеринбург,Чат,Карта,7.61,0.63,1,0,4.0
2026-08-13,A010,Москва,Чат,Консультация,3.49,1.96,1,0,5.0
2026-08-15,A007,Санкт-Петербург,Чат,Техническая проблема,5.37,0.44,1,0,4.5
2026-08-24,A028,Санкт-Петербург,Чат,Кредит,4.16,1.23,1,0,4.5
2026-08-04,A011,Москва,Телефон,Кредит,2.16,2.65,1,0,4.8
2026-08-04,A002,Екатеринбург,Чат,Кредит,5.14,2.1,1,0,5.0
2026-08-06,A027,Казань,Чат,Техническая проблема,2.4,3.08,1,0,4.2
2026-08-17,A015,Екатеринбург,Чат,Карта,6.34,0.57,1,0,4.8
2026-08-17,A015,Казань,Телефон,Платеж,2.03,0.17,1,0,4.9
2026-08-20,A029,Москва,Чат,Карта,5.07,0.37,1,0,4.7
2026-08-29,A009,Казань,Чат,Кредит,7.12,2.37,1,1,4.5
2026-08-18,A007,Казань,Чат,Техническая проблема,6.21,2.12,1,0,4.9
2026-08-25,A018,Москва,Чат,Техническая проблема,4.38,1.21,1,0,4.7
2026-08-12,A026,Казань,Чат,Техническая проблема,5.97,0.36,1,0,4.5
2026-08-17,A013,Москва,Телефон,Консультация,6.67,0.1,1,0,4.5
2026-08-16,A017,Санкт-Петербург,Чат,Платеж,3.25,4.65,1,0,4.9
2026-08-06,A013,Казань,Чат,Техническая проблема,7.23,3.35,1,0,4.4
2026-08-16,A023,Москва,Чат,Кредит,6.89,0.1,1,0,4.2
2026-08-14,A019,Екатеринбург,Чат,Консультация,2.67,0.23,1,0,4.6
2026-08-25,A019,Екатеринбург,Телефон,Консультация,5.6,0.75,1,0,4.2
2026-08-20,A025,Санкт-Петербург,Чат,Платеж,4.73,0.68,1,0,4.5
2026-08-04,A007,Казань,Телефон,Кредит,7.8,0.69,1,0,4.5
2026-08-07,A014,Санкт-Петербург,Чат,Консультация,6.76,1.72,1,0,4.5
2026-08-22,A016,Санкт-Петербург,Чат,Карта,5.35,5.04,1,0,4.9
2026-08-18,A012,Екатеринбург,Чат,Техническая проблема,7.4,0.93,1,0,4.1
2026-08-18,A010,Казань,Телефон,Карта,9.34,3.72,1,0,4.2
2026-08-16,A011,Казань,Чат,Карта,2.17,2.41,1,0,3.6
2026-08-18,A013,Санкт-Петербург,Чат,Карта,4.44,0.79,1,0,4.3
2026-08-23,A003,Казань,Чат,Кредит,3.39,0.48,1,0,3.9
2026-08-27,A018,Казань,Чат,Техническая проблема,5.14,0.87,1,0,4.5
2026-08-19,A008,Санкт-Петербург,Телефон,Консультация,3.27,5.39,1,1,4.7
2026-08-14,A011,Санкт-Петербург,Чат,Консультация,6.97,5.21,1,0,4.3
2026-08-30,A006,Екатеринбург,Чат,Кредит,9.36,0.33,1,0,4.1
2026-08-10,A011,Москва,Чат,Консультация,5.5,1.68,1,0,4.6
2026-08-24,A024,Екатеринбург,Телефон,Платеж,2.37,0.35,0,0,4.4
2026-08-30,A002,Санкт-Петербург,Чат,Кредит,4.08,2.72,0,0,4.2
2026-08-30,A010,Казань,Телефон,Консультация,4.31,6.26,1,0,4.3
2026-08-11,A010,Екатеринбург,Чат,Техническая проблема,7.76,2.14,0,0,4.1
2026-08-17,A015,Москва,Чат,Платеж,5.82,0.46,1,0,4.2
2026-08-21,A009,Казань,Телефон,Консультация,5.57,1.62,1,0,3.7
2026-08-25,A007,Екатеринбург,Телефон,Техническая проблема,3.69,3.78,1,0,4.5
2026-08-03,A013,Санкт-Петербург,Телефон,Платеж,4.1,3.95,1,0,4.2
2026-08-01,A009,Екатеринбург,Чат,Платеж,6.18,1.44,1,0,4.9
2026-08-10,A019,Казань,Телефон,Карта,4.88,0.84,1,1,4.0
2026-08-04,A015,Екатеринбург,Чат,Платеж,6.79,1.23,1,0,4.0
2026-08-29,A023,Казань,Чат,Консультация,4.27,3.43,1,0,4.5
2026-08-31,A005,Екатеринбург,Чат,Платеж,1.0,1.62,1,0,4.0
2026-08-14,A023,Санкт-Петербург,Чат,Техническая проблема,4.32,2.04,1,0,4.9
2026-08-20,A028,Екатеринбург,Телефон,Техническая проблема,2.25,3.8,1,0,4.6
2026-08-30,A019,Санкт-Петербург,Телефон,Консультация,6.26,3.42,1,0,4.9
2026-08-11,A028,Санкт-Петербург,Чат,Консультация,5.93,3.27,1,0,4.7
2026-08-29,A017,Екатеринбург,Чат,Консультация,7.12,1.74,1,0,4.9
2026-08-19,A002,Москва,Чат,Карта,4.03,3.83,1,0,4.6
2026-08-24,A007,Екатеринбург,Телефон,Консультация,4.9,0.73,1,0,4.5
2026-08-02,A030,Москва,Телефон,Кредит,3.96,3.07,1,0,4.6
2026-08-05,A025,Екатеринбург,Чат,Карта,5.25,0.1,1,0,5.0
2026-08-13,A013,Санкт-Петербург,Телефон,Техническая проблема,6.67,7.15,1,0,3.7
2026-08-06,A018,Санкт-Петербург,Чат,Техническая проблема,2.75,1.81,1,0,4.7
2026-08-01,A025,Екатеринбург,Телефон,Карта,7.89,0.2,1,0,4.5
2026-08-18,A013,Екатеринбург,Телефон,Платеж,5.65,5.93,1,0,5.0
2026-08-30,A029,Екатеринбург,Телефон,Консультация,7.38,4.84,1,0,3.8
2026-08-29,A001,Москва,Телефон,Платеж,4.4,0.64,1,1,4.5
2026-08-20,A022,Москва,Телефон,Платеж,4.55,1.57,1,0,4.5
2026-08-07,A025,Казань,Телефон,Платеж,7.35,0.1,1,0,3.7
2026-08-19,A011,Казань,Чат,Платеж,5.86,0.1,0,0,4.2
2026-08-17,A008,Казань,Чат,Карта,8.02,2.07,1,0,4.4
2026-08-29,A024,Екатеринбург,Телефон,Кредит,2.14,10.53,1,0,4.2
2026-08-21,A022,Казань,Чат,Техническая проблема,2.59,0.32,1,0,3.4
2026-08-10,A013,Екатеринбург,Телефон,Техническая проблема,6.37,0.45,1,0,4.8
2026-08-28,A023,Москва,Телефон,Кредит,5.64,1.91,1,0,4.1
2026-08-18,A017,Санкт-Петербург,Телефон,Кредит,4.8,5.18,1,0,3.9
2026-08-03,A030,Москва,Чат,Карта,8.52,0.91,1,0,3.9
2026-08-02,A009,Москва,Чат,Техническая проблема,6.82,0.47,0,0,4.3
2026-08-25,A019,Санкт-Петербург,Телефон,Кредит,2.95,3.6,0,0,5.0
2026-08-31,A030,Санкт-Петербург,Телефон,Платеж,6.11,0.37,0,0,4.4
2026-08-25,A016,Санкт-Петербург,Телефон,Техническая проблема,5.82,2.65,1,0,4.6
2026-08-11,A025,Екатеринбург,Чат,Кредит,6.03,1.77,1,0,4.7
2026-08-09,A012,Москва,Чат,Кредит,5.55,2.87,1,0,4.7
2026-08-25,A027,Казань,Чат,Платеж,3.34,0.24,1,1,4.4
2026-08-28,A008,Казань,Телефон,Консультация,3.98,0.4,1,0,5.0
2026-08-24,A014,Санкт-Петербург,Чат,Платеж,3.87,1.57,1,0,4.4
2026-08-27,A008,Казань,Чат,Техническая проблема,6.71,0.67,1,0,4.1
2026-08-31,A024,Санкт-Петербург,Чат,Кредит,4.7,0.14,1,0,4.4
2026-08-05,A024,Москва,Чат,Платеж,4.39,1.65,1,0,3.3
2026-08-03,A027,Екатеринбург,Телефон,Консультация,7.04,3.54,1,0,3.9
2026-08-03,A023,Санкт-Петербург,Телефон,Консультация,3.46,0.5,1,0,4.4
2026-08-20,A021,Москва,Чат,Кредит,9.52,2.18,1,0,4.4
2026-08-01,A001,Казань,Чат,Техническая проблема,4.8,0.71,1,0,4.4
2026-08-22,A014,Москва,Телефон,Консультация,3.62,0.78,1,0,4.4
2026-08-20,A017,Казань,Чат,Карта,3.4,1.51,1,1,4.3
2026-08-31,A013,Санкт-Петербург,Чат,Техническая проблема,6.98,0.4,0,0,4.7
2026-08-22,A027,Москва,Телефон,Консультация,7.72,0.1,1,0,4.8
2026-08-16,A002,Москва,Телефон,Платеж,8.46,3.69,1,0,4.6
2026-08-26,A011,Москва,Телефон,Техническая проблема,6.81,0.75,1,0,4.7
2026-08-23,A029,Москва,Чат,Карта,5.41,3.06,0,0,4.8
2026-08-09,A029,Казань,Телефон,Платеж,8.94,1.35,1,0,4.1
2026-08-05,A025,Казань,Чат,Консультация,4.53,0.11,1,0,4.5
2026-08-27,A028,Казань,Чат,Техническая проблема,4.03,3.7,1,0,4.2
2026-08-26,A023,Казань,Телефон,Техническая проблема,3.34,2.81,1,0,4.2
2026-08-27,A003,Екатеринбург,Чат,Техническая проблема,5.16,1.46,0,0,5.0
2026-08-21,A009,Санкт-Петербург,Чат,Кредит,3.52,10.1,1,0,4.7
2026-08-14,A006,Казань,Чат,Консультация,5.27,0.4,1,0,4.5
2026-08-03,A009,Санкт-Петербург,Телефон,Кредит,4.3,0.1,1,0,4.5
2026-08-04,A003,Екатеринбург,Телефон,Карта,4.74,3.65,1,0,3.6
2026-08-05,A003,Екатеринбург,Телефон,Кредит,6.88,1.0,1,0,4.8
2026-08-04,A001,Москва,Телефон,Карта,2.99,7.91,1,0,3.7
2026-08-28,A013,Екатеринбург,Телефон,Карта,2.39,2.33,1,1,5.0
2026-08-29,A018,Санкт-Петербург,Телефон,Техническая проблема,7.14,4.16,1,0,4.4
2026-08-09,A010,Санкт-Петербург,Чат,Кредит,2.26,1.62,1,0,4.1
2026-08-14,A010,Казань,Чат,Консультация,7.86,2.38,1,0,5.0
2026-08-21,A016,Москва,Телефон,Кредит,5.92,4.32,1,1,4.1
2026-08-13,A011,Екатеринбург,Чат,Карта,4.21,6.4,1,0,4.1
2026-08-28,A021,Казань,Телефон,Карта,5.78,1.22,1,0,4.3
2026-08-16,A011,Казань,Телефон,Кредит,6.18,1.06,1,0,4.2
2026-08-16,A019,Екатеринбург,Телефон,Карта,1.18,1.62,1,0,4.5
2026-08-12,A004,Санкт-Петербург,Телефон,Техническая проблема,4.55,6.28,1,0,3.9
2026-08-31,A024,Екатеринбург,Чат,Платеж,6.65,0.71,1,0,3.8
2026-08-03,A027,Санкт-Петербург,Чат,Кредит,4.36,6.3,1,0,4.6
2026-08-22,A005,Москва,Чат,Кредит,2.4,0.14,1,0,4.3
2026-08-19,A013,Москва,Чат,Техническая проблема,5.34,0.74,1,0,3.8
2026-08-29,A026,Санкт-Петербург,Телефон,Консультация,4.73,0.51,1,0,5.0
2026-08-21,A020,Екатеринбург,Телефон,Техническая проблема,7.9,0.33,0,0,4.8
2026-08-26,A014,Москва,Телефон,Консультация,6.72,1.16,1,0,5.0
2026-08-17,A018,Казань,Телефон,Кредит,5.89,1.58,1,0,4.6
2026-08-19,A023,Москва,Телефон,Карта,4.65,0.21,1,0,4.6
2026-08-30,A003,Казань,Телефон,Платеж,5.07,1.36,1,0,4.4
2026-08-07,A017,Екатеринбург,Чат,Карта,4.96,4.89,1,0,3.9
2026-08-15,A011,Москва,Телефон,Карта,5.34,0.1,1,1,3.5
2026-08-28,A011,Санкт-Петербург,Телефон,Платеж,5.45,3.64,1,0,4.6
2026-08-11,A018,Санкт-Петербург,Чат,Кредит,7.0,1.21,1,0,3.1
2026-08-06,A021,Москва,Чат,Кредит,3.63,0.1,1,0,4.6
2026-08-15,A019,Москва,Чат,Кредит,7.19,0.41,1,0,3.9
2026-08-25,A023,Москва,Телефон,Техническая проблема,5.7,1.06,1,0,4.1
2026-08-12,A011,Москва,Телефон,Кредит,4.86,2.12,1,0,4.5
2026-08-17,A021,Екатеринбург,Чат,Техническая проблема,5.14,1.73,1,0,5.0
2026-08-12,A012,Санкт-Петербург,Чат,Техническая проблема,5.56,0.1,1,0,4.9
2026-08-10,A030,Казань,Телефон,Платеж,5.56,2.03,1,0,4.6
2026-08-06,A012,Екатеринбург,Телефон,Техническая проблема,6.35,0.9,1,0,3.9
2026-08-13,A014,Санкт-Петербург,Телефон,Кредит,3.81,1.93,1,0,4.5
2026-08-05,A006,Москва,Чат,Кредит,5.08,3.68,0,0,4.5
2026-08-16,A005,Екатеринбург,Телефон,Кредит,5.81,2.41,1,0,5.0
2026-08-23,A027,Санкт-Петербург,Чат,Кредит,4.76,0.71,1,1,4.8
2026-08-25,A008,Казань,Чат,Консультация,7.08,2.59,1,0,4.7
2026-08-25,A015,Москва,Чат,Техническая проблема,4.66,3.07,1,0,5.0
2026-08-18,A027,Москва,Чат,Техническая проблема,5.42,0.1,1,0,3.9
2026-08-07,A014,Казань,Телефон,Платеж,3.23,0.91,0,1,3.8
2026-08-09,A012,Москва,Телефон,Кредит,3.61,1.07,1,0,5.0
2026-08-26,A024,Екатеринбург,Чат,Техническая проблема,4.05,0.46,1,0,3.8
2026-08-07,A027,Казань,Телефон,Консультация,5.51,1.99,1,0,4.1
2026-08-06,A011,Казань,Чат,Карта,3.96,0.86,0,0,5.0
2026-08-29,A022,Екатеринбург,Телефон,Платеж,5.31,1.17,0,0,4.9
2026-08-28,A021,Санкт-Петербург,Телефон,Платеж,2.7,1.56,1,0,3.7
2026-08-08,A025,Санкт-Петербург,Чат,Кредит,9.39,2.61,1,0,4.7
2026-08-14,A013,Москва,Чат,Консультация,6.27,5.6,1,0,4.8
2026-08-23,A030,Екатеринбург,Чат,Кредит,4.75,4.71,1,1,4.6
2026-08-25,A028,Казань,Телефон,Кредит,3.84,1.2,1,0,4.3
2026-08-13,A007,Екатеринбург,Чат,Платеж,3.63,0.66,1,0,4.0
2026-08-11,A018,Екатеринбург,Телефон,Техническая проблема,5.52,0.67,1,0,5.0
2026-08-25,A002,Екатеринбург,Телефон,Консультация,7.93,0.57,1,0,4.7
2026-08-06,A015,Екатеринбург,Чат,Консультация,3.43,0.36,1,0,4.3
2026-08-05,A029,Казань,Чат,Платеж,3.46,1.34,1,0,4.6
2026-08-03,A012,Екатеринбург,Телефон,Консультация,4.12,1.51,1,0,4.5
2026-08-25,A008,Москва,Чат,Консультация,7.72,1.44,1,0,4.4
2026-08-05,A019,Екатеринбург,Телефон,Техническая проблема,5.43,5.44,1,0,4.2
2026-08-27,A004,Екатеринбург,Чат,Платеж,7.37,3.88,1,0,4.6
2026-08-24,A026,Казань,Телефон,Консультация,3.94,1.7,1,0,4.1
2026-08-13,A025,Москва,Телефон,Платеж,7.27,4.15,1,1,4.3
2026-08-21,A006,Санкт-Петербург,Чат,Карта,2.96,2.73,1,0,4.1
2026-08-14,A020,Москва,Чат,Платеж,6.65,0.99,0,0,4.1
2026-08-04,A019,Екатеринбург,Чат,Карта,3.99,1.76,1,0,4.5
2026-08-09,A021,Казань,Телефон,Платеж,9.2,0.33,1,0,3.8
2026-08-28,A028,Санкт-Петербург,Чат,Платеж,6.34,0.44,1,0,4.6
2026-08-02,A026,Екатеринбург,Телефон,Кредит,7.4,1.42,1,0,5.0
2026-08-20,A003,Казань,Телефон,Карта,4.2,1.62,1,0,3.8
2026-08-19,A014,Санкт-Петербург,Чат,Техническая проблема,5.77,0.26,1,0,4.4
2026-08-25,A003,Москва,Телефон,Техническая проблема,3.75,1.01,1,0,5.0
2026-08-30,A002,Казань,Чат,Техническая проблема,6.96,8.53,1,0,4.9
2026-08-14,A014,Санкт-Петербург,Чат,Консультация,6.22,0.58,1,0,5.0
2026-08-17,A030,Казань,Телефон,Платеж,3.22,0.79,1,0,4.1
2026-08-27,A021,Екатеринбург,Телефон,Карта,5.26,0.13,1,0,4.1
2026-08-02,A008,Москва,Телефон,Кредит,4.08,1.4,1,0,4.7
2026-08-10,A022,Москва,Телефон,Консультация,5.8,1.37,1,0,4.8
2026-08-06,A016,Казань,Чат,Техническая проблема,3.09,1.99,1,0,3.8
2026-08-25,A028,Москва,Чат,Консультация,8.21,1.13,1,0,4.6
2026-08-17,A003,Москва,Чат,Техническая проблема,5.37,5.69,1,0,4.1
2026-08-02,A016,Санкт-Петербург,Телефон,Карта,6.17,0.4,1,1,4.0
2026-08-19,A022,Москва,Телефон,Платеж,3.55,1.08,1,0,4.4
2026-08-08,A002,Екатеринбург,Чат,Карта,3.88,1.97,0,0,5.0
2026-08-31,A028,Екатеринбург,Телефон,Техническая проблема,4.24,0.3,1,0,3.8
2026-08-30,A024,Москва,Чат,Карта,7.38,1.32,1,1,4.5
2026-08-22,A029,Санкт-Петербург,Телефон,Платеж,3.85,2.53,1,0,4.5
2026-08-31,A013,Казань,Телефон,Кредит,5.44,2.74,1,0,4.3
2026-08-03,A018,Казань,Чат,Консультация,3.27,0.8,1,0,4.0
2026-08-10,A024,Казань,Телефон,Кредит,1.89,0.91,1,0,4.6
2026-08-25,A025,Санкт-Петербург,Телефон,Техническая проблема,9.08,1.31,1,0,3.9
2026-08-01,A008,Казань,Чат,Консультация,5.19,8.73,1,0,4.8
2026-08-28,A024,Санкт-Петербург,Чат,Консультация,4.51,4.8,1,0,4.6
2026-08-16,A002,Москва,Телефон,Карта,5.35,0.86,1,0,4.4
2026-08-28,A017,Екатеринбург,Чат,Карта,6.22,0.65,0,1,4.7
2026-08-04,A017,Москва,Телефон,Кредит,4.89,0.34,1,1,4.1
2026-08-22,A005,Казань,Телефон,Карта,3.33,6.68,1,0,5.0
2026-08-13,A023,Екатеринбург,Чат,Карта,7.15,0.26,1,1,4.6
2026-08-07,A005,Москва,Телефон,Платеж,9.64,2.61,1,0,4.3
2026-08-14,A004,Екатеринбург,Чат,Платеж,5.22,0.92,1,0,3.8
2026-08-04,A003,Москва,Телефон,Карта,4.53,0.13,1,0,4.0
2026-08-05,A003,Екатеринбург,Телефон,Карта,5.3,6.08,1,0,4.6
2026-08-09,A027,Екатеринбург,Телефон,Консультация,1.96,1.27,1,0,4.1
2026-08-18,A008,Москва,Телефон,Кредит,3.51,1.84,1,0,4.3
2026-08-01,A002,Санкт-Петербург,Телефон,Платеж,6.17,1.89,1,0,3.8
2026-08-21,A021,Казань,Телефон,Техническая проблема,4.82,0.11,0,0,5.0
2026-08-03,A007,Москва,Чат,Платеж,4.19,0.23,0,0,4.2
2026-08-11,A004,Москва,Телефон,Кредит,4.1,2.12,1,0,4.3
2026-08-27,A024,Москва,Чат,Кредит,5.23,10.28,1,0,4.1
2026-08-12,A007,Казань,Телефон,Карта,5.99,0.66,1,0,4.9
2026-08-20,A020,Екатеринбург,Телефон,Карта,6.1,1.0,1,0,5.0
2026-08-02,A003,Санкт-Петербург,Чат,Кредит,2.74,0.83,1,0,4.3
2026-08-26,A017,Москва,Телефон,Техническая проблема,7.37,2.38,0,0,4.3
2026-08-12,A016,Казань,Чат,Карта,4.16,0.1,1,0,3.2
2026-08-11,A020,Казань,Телефон,Консультация,6.75,0.27,1,0,4.0
2026-08-17,A012,Москва,Телефон,Платеж,2.54,0.1,1,0,4.5
2026-08-18,A027,Екатеринбург,Телефон,Платеж,3.41,1.43,1,0,4.4
2026-08-28,A006,Казань,Телефон,Платеж,7.35,0.19,1,0,4.3
2026-08-30,A019,Санкт-Петербург,Телефон,Карта,3.05,0.71,1,0,4.4
2026-08-26,A029,Казань,Чат,Техническая проблема,4.89,0.85,1,1,5.0
2026-08-02,A008,Екатеринбург,Телефон,Консультация,3.63,2.77,1,0,3.4
2026-08-07,A026,Санкт-Петербург,Телефон,Карта,4.0,2.1,0,0,4.9
2026-08-11,A002,Санкт-Петербург,Телефон,Платеж,2.32,3.31,1,0,4.2
2026-08-28,A012,Екатеринбург,Телефон,Карта,9.08,1.94,1,0,4.1
2026-08-11,A005,Екатеринбург,Телефон,Кредит,5.7,1.71,1,0,4.8
2026-08-31,A018,Санкт-Петербург,Чат,Платеж,5.26,0.29,1,0,4.1
2026-08-10,A005,Екатеринбург,Телефон,Консультация,5.36,2.05,1,0,5.0
2026-08-19,A002,Казань,Телефон,Техническая проблема,4.54,0.13,0,0,4.5
2026-08-08,A021,Санкт-Петербург,Телефон,Кредит,3.76,0.63,1,1,5.0
2026-08-12,A011,Казань,Телефон,Консультация,7.36,1.95,1,0,4.1
2026-08-08,A023,Казань,Телефон,Карта,4.39,0.19,1,0,4.2
2026-08-02,A013,Санкт-Петербург,Чат,Кредит,7.33,0.55,0,0,4.7
2026-08-13,A012,Екатеринбург,Чат,Консультация,6.29,0.87,1,0,5.0
2026-08-25,A022,Екатеринбург,Телефон,Платеж,4.62,1.72,1,0,4.3
2026-08-10,A001,Москва,Чат,Карта,6.36,1.36,1,0,5.0
2026-08-13,A006,Москва,Телефон,Техническая проблема,4.04,7.04,1,0,4.8
2026-08-29,A016,Санкт-Петербург,Телефон,Кредит,7.82,2.48,1,0,5.0
2026-08-02,A004,Санкт-Петербург,Чат,Платеж,6.17,0.25,1,0,4.9
2026-08-30,A024,Казань,Чат,Карта,6.2,0.46,1,1,4.3
2026-08-19,A018,Москва,Чат,Платеж,3.32,1.04,1,0,3.5
2026-08-10,A027,Москва,Чат,Платеж,6.24,0.5,1,0,4.5
2026-08-10,A003,Казань,Чат,Консультация,4.8,3.92,1,0,4.3
2026-08-29,A022,Екатеринбург,Чат,Консультация,2.79,3.05,1,0,4.8
2026-08-12,A006,Казань,Чат,Консультация,4.9,2.53,1,0,4.5
2026-08-27,A009,Москва,Телефон,Платеж,7.38,2.35,1,0,4.3
2026-08-18,A014,Москва,Телефон,Техническая проблема,6.39,0.35,1,0,4.9
2026-08-14,A018,Санкт-Петербург,Чат,Техническая проблема,5.79,4.99,1,0,4.4
2026-08-29,A028,Санкт-Петербург,Телефон,Техническая проблема,5.92,3.06,1,0,4.1
2026-08-06,A006,Санкт-Петербург,Телефон,Платеж,5.25,3.31,1,0,3.7
2026-08-22,A014,Казань,Телефон,Платеж,5.76,1.61,1,0,5.0
2026-08-26,A003,Екатеринбург,Телефон,Кредит,1.78,1.5,1,0,4.4
2026-08-17,A015,Екатеринбург,Телефон,Техническая проблема,6.56,1.82,1,0,4.6
2026-08-19,A019,Москва,Телефон,Консультация,4.08,1.11,1,0,4.6
2026-08-29,A012,Екатеринбург,Чат,Карта,4.82,2.9,1,0,4.0
2026-08-16,A002,Екатеринбург,Телефон,Карта,5.67,2.38,1,0,3.8
2026-08-23,A013,Казань,Телефон,Кредит,3.05,0.79,1,1,4.6
2026-08-16,A030,Москва,Чат,Карта,5.7,0.1,1,0,5.0
2026-08-10,A009,Санкт-Петербург,Чат,Консультация,3.79,5.71,1,0,4.7
2026-08-15,A025,Екатеринбург,Чат,Карта,2.59,0.29,1,1,3.9
2026-08-15,A007,Казань,Чат,Кредит,6.5,10.1,1,0,4.2
2026-08-06,A003,Екатеринбург,Чат,Техническая проблема,3.73,2.3,1,0,3.5
2026-08-29,A019,Санкт-Петербург,Телефон,Платеж,5.6,0.89,0,0,4.8
2026-08-02,A008,Москва,Телефон,Кредит,8.23,0.1,0,0,4.1
2026-08-09,A012,Екатеринбург,Чат,Техническая проблема,2.45,2.85,1,0,5.0
2026-08-01,A008,Екатеринбург,Чат,Кредит,5.53,1.18,1,0,4.0
2026-08-19,A018,Санкт-Петербург,Чат,Карта,4.18,1.56,1,0,4.5
2026-08-27,A023,Москва,Телефон,Карта,8.55,1.67,1,0,5.0
2026-08-19,A025,Санкт-Петербург,Телефон,Платеж,7.04,0.57,1,0,4.7
2026-08-14,A017,Екатеринбург,Телефон,Консультация,5.19,0.14,0,0,5.0
2026-08-20,A026,Казань,Телефон,Платеж,4.89,2.77,1,0,4.2
2026-08-23,A023,Екатеринбург,Чат,Кредит,6.91,1.31,1,0,4.7
2026-08-07,A015,Екатеринбург,Чат,Техническая проблема,3.14,0.72,1,1,4.3
2026-08-22,A027,Казань,Чат,Техническая проблема,3.68,0.45,1,0,4.3
2026-08-03,A011,Казань,Чат,Карта,7.92,11.53,1,0,4.7
2026-08-29,A021,Санкт-Петербург,Чат,Платеж,5.54,0.98,1,0,4.7
2026-08-02,A026,Санкт-Петербург,Чат,Карта,7.4,0.23,1,0,4.7
2026-08-10,A009,Екатеринбург,Чат,Кредит,7.27,0.87,1,0,4.3
2026-08-19,A027,Санкт-Петербург,Телефон,Карта,8.59,0.37,1,0,5.0
2026-08-16,A030,Казань,Чат,Техническая проблема,2.66,0.1,1,0,3.9
2026-08-29,A018,Москва,Телефон,Карта,5.45,0.64,1,0,3.6
2026-08-24,A026,Москва,Телефон,Карта,7.06,3.32,1,0,4.3
2026-08-28,A010,Казань,Чат,Карта,6.12,1.1,1,0,4.2
2026-08-28,A004,Москва,Чат,Консультация,3.2,0.15,1,0,4.4
2026-08-04,A028,Казань,Чат,Техническая проблема,5.15,1.03,1,0,5.0
2026-08-05,A005,Екатеринбург,Телефон,Карта,6.82,0.31,0,0,4.8
2026-08-15,A005,Москва,Чат,Платеж,3.4,2.51,1,0,4.5
2026-08-06,A011,Екатеринбург,Телефон,Консультация,5.84,0.13,1,0,4.5
2026-08-06,A019,Москва,Телефон,Кредит,5.02,0.55,1,0,4.3
2026-08-14,A013,Екатеринбург,Чат,Кредит,5.84,0.52,1,0,4.3
2026-08-24,A012,Санкт-Петербург,Телефон,Карта,6.84,1.08,1,1,4.0
2026-08-24,A008,Казань,Телефон,Карта,4.25,0.12,1,0,4.4
2026-08-19,A010,Москва,Телефон,Консультация,1.0,0.77,1,0,4.8
2026-08-24,A017,Санкт-Петербург,Чат,Кредит,5.64,1.48,1,0,4.4
2026-08-12,A025,Екатеринбург,Телефон,Платеж,2.39,2.36,1,0,4.2
2026-08-05,A007,Санкт-Петербург,Телефон,Техническая проблема,3.2,1.5,1,0,4.7
2026-08-26,A002,Москва,Чат,Карта,6.04,1.69,1,1,4.4
2026-08-04,A021,Москва,Телефон,Консультация,3.74,0.3,1,0,4.3
2026-08-18,A009,Санкт-Петербург,Чат,Платеж,3.88,3.42,1,0,4.0
2026-08-10,A014,Казань,Телефон,Техническая проблема,7.03,0.22,1,0,5.0
2026-08-14,A027,Москва,Телефон,Техническая проблема,5.97,0.13,1,0,4.7
2026-08-16,A007,Санкт-Петербург,Телефон,Карта,5.88,0.15,1,0,5.0
2026-08-06,A002,Екатеринбург,Чат,Платеж,3.27,0.33,1,1,3.1
2026-08-22,A003,Екатеринбург,Телефон,Техническая проблема,4.39,0.96,1,0,5.0
2026-08-17,A003,Санкт-Петербург,Телефон,Карта,6.31,0.12,1,0,5.0
2026-08-09,A015,Санкт-Петербург,Телефон,Консультация,7.72,1.11,0,0,4.4
2026-08-12,A026,Москва,Чат,Кредит,4.04,0.32,1,0,4.0
2026-08-02,A001,Казань,Телефон,Платеж,7.29,1.32,1,0,4.1
2026-08-20,A009,Казань,Телефон,Карта,5.78,3.81,1,0,4.3
2026-08-31,A015,Екатеринбург,Чат,Кредит,4.55,1.08,1,0,4.6
2026-08-26,A006,Москва,Телефон,Платеж,6.79,1.39,0,0,4.4
2026-08-04,A014,Екатеринбург,Чат,Техническая проблема,3.45,1.92,1,0,4.4
2026-08-12,A020,Екатеринбург,Телефон,Платеж,4.43,2.69,0,0,4.9
2026-08-14,A015,Казань,Телефон,Консультация,1.9,2.83,1,1,4.5
2026-08-28,A022,Москва,Телефон,Карта,8.57,2.88,1,0,4.9
2026-08-16,A012,Москва,Чат,Платеж,6.58,1.37,1,0,4.3
2026-08-17,A028,Санкт-Петербург,Чат,Кредит,6.07,2.84,1,0,4.0
2026-08-08,A011,Санкт-Петербург,Чат,Консультация,6.7,4.26,1,0,4.2
2026-08-27,A008,Екатеринбург,Телефон,Кредит,4.6,0.37,1,0,4.2
2026-08-28,A016,Москва,Чат,Карта,5.74,0.3,0,0,4.7
2026-08-01,A004,Москва,Чат,Кредит,8.91,0.16,1,1,3.9
2026-08-03,A026,Санкт-Петербург,Чат,Техническая проблема,5.54,1.27,1,0,4.5
2026-08-11,A012,Екатеринбург,Телефон,Платеж,5.06,7.46,1,0,4.6
2026-08-20,A016,Москва,Чат,Кредит,7.27,0.33,1,0,5.0
2026-08-01,A011,Казань,Чат,Карта,4.86,0.32,1,1,4.8
2026-08-06,A016,Москва,Телефон,Кредит,5.26,1.35,1,0,4.3
2026-08-04,A030,Екатеринбург,Чат,Платеж,6.24,0.15,1,0,4.5
2026-08-11,A004,Москва,Чат,Консультация,3.75,3.52,1,0,4.7
2026-08-22,A019,Москва,Телефон,Кредит,5.5,2.23,1,1,5.0
2026-08-30,A014,Санкт-Петербург,Чат,Техническая проблема,4.65,3.1,1,0,3.5
2026-08-27,A005,Казань,Телефон,Кредит,1.38,1.23,1,0,4.1
2026-08-20,A030,Екатеринбург,Телефон,Карта,4.3,0.34,0,0,4.8
2026-08-15,A026,Екатеринбург,Телефон,Платеж,6.71,0.19,1,0,4.6
2026-08-17,A010,Санкт-Петербург,Чат,Техническая проблема,4.18,0.77,1,0,4.2
2026-08-10,A022,Санкт-Петербург,Чат,Платеж,8.11,1.9,1,0,4.3
2026-08-11,A023,Екатеринбург,Телефон,Карта,2.47,3.32,1,0,5.0
2026-08-23,A014,Москва,Чат,Кредит,5.93,1.81,1,1,4.4
2026-08-05,A002,Казань,Телефон,Платеж,5.87,0.71,1,0,4.0
2026-08-10,A022,Москва,Чат,Платеж,4.36,0.35,1,0,4.5
2026-08-25,A018,Екатеринбург,Телефон,Карта,4.48,3.27,1,0,4.6
2026-08-24,A018,Екатеринбург,Телефон,Техническая проблема,6.77,2.13,1,0,3.8
2026-08-26,A023,Екатеринбург,Чат,Консультация,1.71,0.43,1,0,4.5
2026-08-22,A011,Казань,Телефон,Консультация,6.13,3.69,1,0,4.5
2026-08-28,A028,Казань,Чат,Платеж,6.5,1.97,1,0,4.7
2026-08-20,A007,Екатеринбург,Телефон,Карта,5.94,2.0,1,0,4.3
2026-08-06,A006,Москва,Телефон,Кредит,3.46,1.07,1,0,4.5
2026-08-05,A006,Казань,Чат,Консультация,7.19,1.42,1,0,4.3
2026-08-02,A005,Москва,Чат,Техническая проблема,5.66,0.21,1,0,4.4
2026-08-27,A022,Казань,Чат,Кредит,4.24,2.42,1,0,4.4
2026-08-17,A008,Москва,Телефон,Техническая проблема,4.8,3.52,1,0,4.6
2026-08-18,A018,Казань,Чат,Консультация,6.12,2.52,1,0,4.3
2026-08-11,A011,Санкт-Петербург,Чат,Карта,6.8,0.6,0,0,4.2
2026-08-16,A018,Казань,Телефон,Консультация,5.86,0.18,1,0,5.0
2026-08-20,A030,Казань,Телефон,Консультация,1.81,1.64,1,0,4.3
2026-08-04,A013,Казань,Чат,Техническая проблема,3.3,2.45,1,0,3.9
2026-08-25,A012,Москва,Чат,Кредит,5.97,1.62,1,0,4.8
2026-08-11,A017,Санкт-Петербург,Телефон,Консультация,5.01,2.85,0,0,4.3
2026-08-18,A001,Санкт-Петербург,Телефон,Платеж,5.35,9.7,0,0,4.2
2026-08-04,A007,Санкт-Петербург,Чат,Консультация,5.33,0.12,1,0,4.9
2026-08-02,A003,Санкт-Петербург,Телефон,Консультация,5.83,0.22,1,0,4.9
2026-08-19,A027,Екатеринбург,Телефон,Карта,6.96,3.8,1,0,4.6
2026-08-14,A011,Москва,Телефон,Кредит,6.38,1.01,1,0,5.0
2026-08-20,A003,Казань,Телефон,Консультация,4.02,2.68,0,0,3.6
2026-08-26,A022,Москва,Чат,Техническая проблема,6.79,1.05,1,0,4.5
2026-08-13,A013,Санкт-Петербург,Телефон,Кредит,8.1,1.61,1,0,5.0
2026-08-13,A026,Казань,Чат,Платеж,3.37,1.29,1,0,4.8
2026-08-26,A028,Санкт-Петербург,Чат,Консультация,4.76,1.2,1,1,4.0
2026-08-20,A013,Санкт-Петербург,Телефон,Карта,5.96,1.65,1,0,4.5
2026-08-12,A007,Санкт-Петербург,Чат,Техническая проблема,5.28,1.81,1,0,5.0
2026-08-27,A009,Санкт-Петербург,Телефон,Консультация,5.01,0.81,1,0,4.3
2026-08-02,A028,Москва,Чат,Техническая проблема,4.1,0.27,1,0,4.4
2026-08-04,A007,Казань,Чат,Карта,4.8,0.39,1,0,3.5
2026-08-04,A010,Казань,Телефон,Платеж,2.49,0.42,1,0,4.7
2026-08-22,A010,Казань,Телефон,Техническая проблема,4.83,0.1,1,0,4.4
2026-08-06,A001,Санкт-Петербург,Чат,Платеж,4.64,2.92,1,0,4.1
2026-08-09,A027,Казань,Чат,Платеж,6.06,0.63,0,0,5.0
2026-08-12,A025,Москва,Чат,Кредит,4.91,0.16,1,0,4.7
2026-08-27,A009,Санкт-Петербург,Телефон,Техническая проблема,3.6,0.76,1,0,4.5
2026-08-03,A024,Москва,Телефон,Консультация,7.14,1.22,1,0,4.4
2026-08-25,A019,Казань,Телефон,Консультация,4.48,0.9,1,0,4.1
2026-08-16,A021,Екатеринбург,Телефон,Карта,1.95,4.29,1,0,3.7
2026-08-24,A028,Екатеринбург,Чат,Платеж,6.59,0.67,1,0,5.0
2026-08-12,A017,Санкт-Петербург,Телефон,Платеж,4.33,0.54,1,0,4.5
2026-08-06,A006,Казань,Телефон,Кредит,5.46,2.09,1,0,4.1
2026-08-08,A003,Санкт-Петербург,Чат,Карта,4.72,1.1,1,0,4.0
2026-08-30,A026,Екатеринбург,Чат,Кредит,3.6,0.98,0,0,4.3
2026-08-02,A021,Казань,Чат,Консультация,4.96,0.15,1,0,4.4
2026-08-18,A019,Екатеринбург,Телефон,Кредит,6.12,1.99,1,0,4.3
2026-08-27,A003,Санкт-Петербург,Чат,Кредит,3.24,1.62,1,0,5.0
2026-08-28,A012,Москва,Чат,Кредит,5.57,3.72,1,0,4.7
2026-08-06,A008,Казань,Телефон,Техническая проблема,4.1,4.19,1,0,4.6
2026-08-12,A020,Екатеринбург,Телефон,Платеж,5.31,0.28,1,0,4.1
2026-08-16,A022,Санкт-Петербург,Чат,Кредит,5.14,0.63,1,0,4.3
2026-08-14,A001,Санкт-Петербург,Телефон,Консультация,10.02,0.1,1,0,4.2
2026-08-21,A017,Санкт-Петербург,Телефон,Техническая проблема,5.49,0.76,1,0,3.9
2026-08-06,A017,Москва,Чат,Техническая проблема,6.74,3.36,0,0,5.0
2026-08-27,A010,Екатеринбург,Телефон,Платеж,4.04,2.01,1,0,5.0
2026-08-16,A006,Санкт-Петербург,Телефон,Кредит,3.5,2.8,1,0,3.9
2026-08-06,A020,Казань,Чат,Платеж,7.71,3.11,0,0,4.3
2026-08-03,A008,Санкт-Петербург,Чат,Кредит,1.93,1.57,1,0,4.1
2026-08-28,A030,Москва,Чат,Платеж,7.55,2.2,1,0,3.7
2026-08-20,A002,Екатеринбург,Телефон,Консультация,3.42,0.33,1,0,5.0
2026-08-18,A027,Екатеринбург,Телефон,Кредит,3.21,3.97,1,1,4.3
2026-08-17,A014,Екатеринбург,Телефон,Кредит,3.46,0.1,1,0,4.2
2026-08-30,A025,Санкт-Петербург,Телефон,Кредит,7.56,0.75,1,0,5.0
2026-08-30,A028,Екатеринбург,Телефон,Карта,4.93,0.67,1,1,4.1
2026-08-24,A026,Москва,Телефон,Техническая проблема,6.94,0.82,1,0,5.0
2026-08-07,A023,Казань,Чат,Кредит,8.6,0.27,1,0,4.2
2026-08-19,A009,Екатеринбург,Чат,Техническая проблема,4.35,1.27,1,0,4.4
2026-08-22,A013,Екатеринбург,Телефон,Кредит,5.02,0.1,1,0,4.6
2026-08-16,A009,Казань,Чат,Техническая проблема,5.04,0.31,1,0,4.2
2026-08-05,A028,Екатеринбург,Телефон,Платеж,1.95,4.15,1,0,4.2
2026-08-04,A007,Москва,Чат,Карта,6.45,1.66,1,0,4.2
2026-08-01,A026,Екатеринбург,Телефон,Платеж,2.43,0.75,0,0,3.7
2026-08-03,A009,Москва,Телефон,Карта,3.05,1.45,1,0,4.5
2026-08-30,A013,Москва,Чат,Техническая проблема,8.03,3.23,0,0,4.5
2026-08-21,A016,Санкт-Петербург,Чат,Консультация,1.96,0.54,1,0,4.2
2026-08-17,A010,Санкт-Петербург,Телефон,Консультация,2.93,6.11,1,0,4.0
2026-08-12,A008,Москва,Телефон,Платеж,1.64,1.56,0,0,4.7
2026-08-12,A022,Санкт-Петербург,Чат,Кредит,4.89,1.77,1,0,3.9
2026-08-03,A030,Казань,Телефон,Техническая проблема,1.0,9.16,1,0,4.3
2026-08-19,A012,Санкт-Петербург,Чат,Карта,5.73,1.52,1,0,4.8
2026-08-30,A013,Санкт-Петербург,Телефон,Карта,2.99,0.9,1,1,4.6
2026-08-03,A017,Москва,Чат,Карта,5.15,1.41,1,0,4.1
2026-08-29,A018,Екатеринбург,Чат,Кредит,5.66,1.37,1,0,4.6
2026-08-25,A011,Москва,Чат,Кредит,4.55,2.85,1,0,4.5
2026-08-13,A021,Казань,Телефон,Платеж,6.32,5.19,1,0,4.2
2026-08-18,A001,Казань,Чат,Платеж,4.98,7.13,1,0,3.9
2026-08-27,A011,Санкт-Петербург,Телефон,Техническая проблема,7.23,1.6,1,0,4.4
2026-08-29,A019,Санкт-Петербург,Чат,Платеж,2.59,0.41,1,0,4.0
2026-08-24,A008,Санкт-Петербург,Чат,Платеж,4.13,1.29,1,0,5.0
2026-08-20,A012,Москва,Телефон,Консультация,10.09,3.61,0,0,4.3
2026-08-22,A016,Москва,Телефон,Техническая проблема,5.1,3.16,1,0,4.5
2026-08-11,A016,Санкт-Петербург,Чат,Кредит,5.95,5.62,0,0,5.0
2026-08-09,A013,Санкт-Петербург,Телефон,Техническая проблема,4.84,3.46,1,0,4.3
2026-08-16,A018,Казань,Телефон,Техническая проблема,7.3,4.02,1,0,4.3
2026-08-06,A015,Екатеринбург,Телефон,Техническая проблема,6.27,1.77,1,1,3.1
2026-08-22,A007,Москва,Чат,Техническая проблема,8.72,2.31,1,0,4.3
2026-08-09,A006,Казань,Чат,Платеж,3.81,0.64,1,0,4.6
2026-08-12,A006,Санкт-Петербург,Чат,Кредит,7.26,0.59,1,0,4.2
2026-08-12,A028,Екатеринбург,Чат,Карта,6.92,0.63,1,0,4.6
2026-08-19,A022,Казань,Телефон,Консультация,6.13,0.28,1,0,4.7
2026-08-28,A013,Санкт-Петербург,Телефон,Платеж,6.64,1.93,1,1,4.7
2026-08-14,A016,Казань,Телефон,Техническая проблема,6.25,1.71,1,0,4.6
2026-08-18,A028,Москва,Телефон,Кредит,5.15,0.15,1,1,4.0
2026-08-27,A009,Екатеринбург,Чат,Консультация,2.25,0.12,1,0,3.7
2026-08-12,A018,Москва,Чат,Карта,3.77,2.97,1,0,4.3
2026-08-22,A020,Санкт-Петербург,Телефон,Техническая проблема,5.25,0.64,0,0,4.7
2026-08-11,A022,Москва,Чат,Кредит,5.2,2.85,1,0,4.0
2026-08-21,A005,Екатеринбург,Телефон,Карта,4.88,0.14,1,0,4.4
2026-08-28,A030,Санкт-Петербург,Телефон,Консультация,2.31,0.48,1,0,4.1
2026-08-21,A010,Екатеринбург,Чат,Техническая проблема,6.77,4.77,1,0,4.1
2026-08-28,A012,Санкт-Петербург,Чат,Кредит,6.69,0.7,1,1,4.3
2026-08-24,A008,Санкт-Петербург,Чат,Консультация,2.43,1.84,1,0,4.3
2026-08-03,A030,Москва,Чат,Техническая проблема,5.31,0.8,1,0,4.5
2026-08-25,A003,Санкт-Петербург,Телефон,Карта,3.66,3.95,1,0,4.6
2026-08-13,A010,Казань,Телефон,Платеж,1.0,1.59,1,0,4.5
2026-08-17,A027,Москва,Телефон,Консультация,4.03,2.07,1,0,4.5
2026-08-11,A028,Казань,Чат,Кредит,6.65,3.11,1,0,4.0
2026-08-31,A023,Екатеринбург,Телефон,Техническая проблема,5.63,1.32,1,0,5.0
2026-08-19,A014,Екатеринбург,Чат,Карта,5.91,0.57,1,0,4.2
2026-08-15,A010,Казань,Чат,Кредит,1.9,0.26,1,1,4.4
2026-08-17,A027,Казань,Телефон,Карта,4.26,2.49,1,1,4.5
2026-08-30,A016,Москва,Чат,Карта,4.07,0.58,1,0,4.4
2026-08-20,A008,Казань,Телефон,Техническая проблема,4.61,3.29,1,0,4.5
2026-08-14,A013,Екатеринбург,Телефон,Платеж,3.65,0.19,1,0,4.9
2026-08-03,A014,Казань,Телефон,Техническая проблема,2.78,3.33,1,0,4.0
2026-08-26,A009,Москва,Чат,Платеж,7.05,4.0,1,0,4.1
2026-08-21,A015,Екатеринбург,Чат,Карта,6.73,0.85,1,1,4.3
2026-08-02,A018,Москва,Телефон,Платеж,5.08,0.88,1,0,5.0
2026-08-15,A024,Москва,Телефон,Платеж,7.76,0.1,1,0,4.8
2026-08-11,A014,Казань,Чат,Кредит,6.14,1.98,1,0,4.0
2026-08-11,A003,Казань,Телефон,Консультация,5.36,0.64,1,0,4.5
2026-08-16,A006,Екатеринбург,Телефон,Карта,5.57,1.86,1,0,4.3
2026-08-25,A023,Екатеринбург,Телефон,Кредит,4.95,5.66,1,0,4.2
2026-08-07,A015,Санкт-Петербург,Телефон,Техническая проблема,1.0,1.1,1,0,4.4
2026-08-10,A030,Москва,Чат,Платеж,4.21,0.83,1,0,3.9
2026-08-04,A009,Санкт-Петербург,Чат,Карта,7.42,3.42,1,1,4.3
2026-08-22,A007,Екатеринбург,Телефон,Платеж,6.32,1.15,1,0,3.9
2026-08-09,A019,Санкт-Петербург,Телефон,Кредит,4.71,2.04,1,1,4.6
2026-08-26,A023,Санкт-Петербург,Чат,Техническая проблема,2.4,0.26,1,0,4.8
2026-08-06,A016,Казань,Телефон,Техническая проблема,7.49,0.68,0,0,4.8
2026-08-21,A002,Санкт-Петербург,Телефон,Карта,3.06,2.25,1,0,5.0
2026-08-05,A016,Казань,Телефон,Карта,5.55,0.61,1,0,4.3
2026-08-07,A001,Санкт-Петербург,Чат,Карта,4.22,0.21,1,1,4.3
2026-08-23,A015,Екатеринбург,Чат,Техническая проблема,2.06,3.25,1,0,4.5
2026-08-12,A011,Санкт-Петербург,Чат,Карта,4.79,1.22,1,0,4.0
2026-08-10,A027,Казань,Чат,Техническая проблема,6.6,1.63,1,0,3.3
2026-08-17,A013,Казань,Телефон,Консультация,5.17,5.96,1,0,4.3
2026-08-24,A003,Екатеринбург,Чат,Платеж,8.83,0.67,1,0,4.5
2026-08-10,A011,Москва,Чат,Карта,6.49,1.33,1,0,4.7
2026-08-02,A027,Москва,Телефон,Платеж,4.77,0.56,1,0,4.5
2026-08-04,A002,Казань,Чат,Кредит,5.38,0.77,1,0,5.0
2026-08-23,A003,Екатеринбург,Телефон,Платеж,6.98,6.58,0,0,3.8
2026-08-15,A026,Екатеринбург,Телефон,Карта,5.51,2.73,1,0,4.5
2026-08-02,A027,Москва,Чат,Техническая проблема,1.11,0.65,1,0,4.0
2026-08-03,A007,Санкт-Петербург,Телефон,Консультация,5.01,2.48,1,0,3.7
2026-08-17,A022,Санкт-Петербург,Телефон,Техническая проблема,3.95,5.7,1,0,4.4
2026-08-24,A004,Екатеринбург,Чат,Кредит,5.24,5.92,0,0,4.5
2026-08-06,A018,Казань,Чат,Техническая проблема,4.83,0.46,1,0,4.1
2026-08-20,A015,Казань,Чат,Карта,4.52,1.75,1,0,4.3
2026-08-21,A014,Санкт-Петербург,Чат,Техническая проблема,5.91,0.29,1,0,5.0
2026-08-25,A018,Екатеринбург,Чат,Карта,6.1,0.88,1,0,4.9
2026-08-24,A002,Москва,Чат,Техническая проблема,3.09,0.76,1,0,4.8
2026-08-10,A001,Санкт-Петербург,Чат,Платеж,4.78,1.14,1,1,4.6
2026-08-27,A023,Санкт-Петербург,Чат,Техническая проблема,5.79,0.12,1,0,4.7
2026-08-05,A005,Санкт-Петербург,Чат,Карта,3.7,0.26,1,0,5.0
2026-08-03,A019,Санкт-Петербург,Чат,Техническая проблема,5.27,0.5,1,0,4.7
2026-08-26,A016,Москва,Телефон,Кредит,8.84,0.14,1,0,4.4
2026-08-24,A026,Москва,Чат,Консультация,6.71,1.11,0,0,4.1
2026-08-29,A027,Москва,Чат,Кредит,1.22,0.1,0,0,5.0
2026-08-21,A028,Москва,Телефон,Кредит,4.84,0.42,1,1,3.8
2026-08-18,A019,Санкт-Петербург,Телефон,Карта,4.43,5.82,1,0,4.7
2026-08-13,A015,Екатеринбург,Телефон,Платеж,5.29,0.54,1,0,4.5
2026-08-05,A011,Москва,Телефон,Кредит,8.84,0.14,1,0,3.8
2026-08-13,A017,Санкт-Петербург,Чат,Платеж,5.49,0.38,1,0,4.4
2026-08-13,A021,Санкт-Петербург,Телефон,Техническая проблема,5.97,2.55,1,0,4.4
2026-08-14,A011,Екатеринбург,Телефон,Консультация,5.05,2.28,1,0,3.8
2026-08-11,A012,Санкт-Петербург,Телефон,Карта,6.5,1.98,0,0,3.8
2026-08-26,A015,Москва,Телефон,Кредит,5.62,2.66,0,0,3.9
2026-08-22,A012,Москва,Телефон,Консультация,4.64,0.1,1,0,4.4
2026-08-20,A030,Москва,Телефон,Карта,6.31,0.47,1,0,4.3
2026-08-10,A015,Казань,Чат,Консультация,2.95,0.7,1,0,4.7
2026-08-07,A018,Екатеринбург,Чат,Техническая проблема,6.05,0.18,1,0,4.7
2026-08-23,A023,Москва,Телефон,Кредит,4.41,1.18,1,1,4.4
2026-08-07,A026,Екатеринбург,Чат,Консультация,3.77,0.61,1,1,4.6
2026-08-13,A022,Москва,Чат,Карта,6.54,9.0,1,0,4.3
2026-08-21,A013,Москва,Телефон,Кредит,2.78,2.53,0,0,3.7
2026-08-20,A018,Санкт-Петербург,Телефон,Платеж,1.84,2.79,1,0,4.9
2026-08-30,A023,Санкт-Петербург,Телефон,Консультация,5.93,0.8,0,0,3.7
2026-08-16,A013,Казань,Телефон,Консультация,3.02,0.38,1,0,4.7
2026-08-10,A008,Казань,Чат,Консультация,2.45,0.1,0,0,4.4
2026-08-27,A001,Санкт-Петербург,Чат,Платеж,4.47,5.41,1,0,4.7
2026-08-05,A003,Санкт-Петербург,Чат,Техническая проблема,2.43,1.56,1,0,5.0
2026-08-14,A010,Санкт-Петербург,Чат,Кредит,8.11,0.6,1,0,4.4
2026-08-18,A022,Казань,Телефон,Платеж,6.6,5.27,1,0,4.3
2026-08-30,A005,Санкт-Петербург,Чат,Платеж,4.86,2.73,1,0,4.8
2026-08-31,A024,Казань,Телефон,Платеж,4.55,0.41,1,0,2.8
2026-08-01,A025,Екатеринбург,Чат,Кредит,2.95,0.73,1,0,4.6
2026-08-27,A029,Санкт-Петербург,Чат,Платеж,4.54,0.13,1,0,4.6
2026-08-25,A020,Санкт-Петербург,Чат,Техническая проблема,1.0,3.0,1,0,4.5
2026-08-01,A012,Санкт-Петербург,Телефон,Кредит,4.34,2.13,1,0,4.8
2026-08-23,A021,Екатеринбург,Чат,Платеж,6.42,0.3,1,0,4.9
2026-08-07,A008,Москва,Телефон,Кредит,5.4,0.6,0,0,4.9
2026-08-08,A024,Москва,Телефон,Платеж,4.29,0.25,1,0,4.4
2026-08-15,A028,Екатеринбург,Чат,Карта,6.44,0.1,0,0,3.2
2026-08-25,A002,Екатеринбург,Чат,Карта,3.24,0.47,1,0,3.9
2026-08-20,A018,Москва,Телефон,Техническая проблема,7.39,3.4,1,0,4.8
2026-08-02,A029,Екатеринбург,Телефон,Техническая проблема,2.09,0.71,0,1,4.1
2026-08-13,A017,Казань,Телефон,Платеж,6.75,0.36,1,0,4.7
2026-08-25,A027,Санкт-Петербург,Чат,Кредит,6.61,2.96,1,0,4.3
2026-08-02,A023,Екатеринбург,Телефон,Кредит,7.83,1.95,1,0,3.6
2026-08-06,A025,Екатеринбург,Телефон,Кредит,5.35,2.22,1,1,4.0
2026-08-15,A019,Москва,Телефон,Кредит,6.06,1.58,1,0,4.1
2026-08-30,A023,Москва,Телефон,Консультация,6.37,0.63,1,0,3.7
2026-08-12,A003,Санкт-Петербург,Чат,Техническая проблема,6.95,0.19,1,0,4.8
2026-08-25,A006,Санкт-Петербург,Чат,Техническая проблема,8.79,0.83,1,0,5.0
2026-08-25,A023,Казань,Телефон,Кредит,7.15,1.11,1,0,4.8
2026-08-15,A010,Санкт-Петербург,Телефон,Консультация,5.61,2.35,0,1,4.6
2026-08-25,A009,Екатеринбург,Телефон,Кредит,4.44,2.96,1,0,4.7
2026-08-01,A020,Санкт-Петербург,Чат,Платеж,4.2,0.74,1,0,3.9
2026-08-14,A015,Москва,Телефон,Техническая проблема,7.1,1.49,1,0,4.8
2026-08-20,A021,Санкт-Петербург,Телефон,Консультация,5.19,0.86,1,0,4.7
2026-08-02,A005,Казань,Телефон,Техническая проблема,6.02,2.39,1,0,4.2
2026-08-04,A014,Казань,Телефон,Платеж,4.67,3.29,1,0,4.4
2026-08-20,A019,Казань,Телефон,Кредит,5.09,0.48,0,1,4.6
2026-08-10,A011,Москва,Чат,Кредит,6.8,1.42,1,0,4.7
2026-08-03,A010,Москва,Чат,Платеж,8.47,3.57,1,0,4.4
2026-08-17,A014,Москва,Телефон,Платеж,6.09,1.45,1,0,4.2
2026-08-21,A017,Казань,Телефон,Кредит,3.41,3.61,1,0,4.3
2026-08-09,A017,Екатеринбург,Чат,Платеж,4.34,0.62,1,0,4.0
2026-08-16,A026,Санкт-Петербург,Телефон,Техническая проблема,5.88,2.87,1,0,4.8
2026-08-01,A004,Москва,Телефон,Кредит,6.43,1.53,1,0,3.8
2026-08-20,A014,Казань,Чат,Консультация,5.33,0.61,1,0,4.1
2026-08-07,A001,Казань,Телефон,Карта,3.35,1.75,1,0,3.8
2026-08-17,A018,Москва,Чат,Консультация,7.39,0.93,1,0,4.0
2026-08-24,A019,Санкт-Петербург,Телефон,Платеж,4.24,2.08,1,0,3.6
2026-08-22,A016,Санкт-Петербург,Чат,Консультация,4.42,0.84,1,0,4.3
2026-08-29,A028,Екатеринбург,Чат,Кредит,5.49,2.0,0,1,4.6
2026-08-17,A010,Москва,Чат,Техническая проблема,3.07,0.98,1,0,4.6
2026-08-26,A030,Санкт-Петербург,Чат,Консультация,4.46,0.59,1,1,4.5
2026-08-13,A021,Екатеринбург,Телефон,Техническая проблема,4.29,7.08,1,0,3.6
2026-08-26,A025,Москва,Чат,Карта,5.26,0.36,1,1,4.1
2026-08-29,A008,Казань,Чат,Кредит,7.92,2.19,1,0,4.1
2026-08-04,A012,Москва,Телефон,Платеж,1.88,0.91,1,1,4.0
2026-08-16,A029,Казань,Телефон,Платеж,3.71,1.19,0,0,4.1
2026-08-17,A010,Москва,Чат,Платеж,3.54,1.92,1,0,3.9
2026-08-22,A005,Екатеринбург,Телефон,Консультация,5.36,0.14,1,0,4.6
2026-08-04,A001,Москва,Чат,Консультация,4.22,1.65,1,0,4.3
2026-08-04,A017,Казань,Чат,Консультация,7.9,0.56,1,0,5.0
2026-08-07,A007,Казань,Чат,Карта,6.66,2.21,1,0,3.9
2026-08-09,A005,Москва,Телефон,Карта,2.37,0.57,1,0,4.8
2026-08-17,A004,Казань,Телефон,Техническая проблема,7.03,5.28,1,0,4.5
2026-08-31,A023,Санкт-Петербург,Чат,Техническая проблема,4.81,1.59,1,0,4.5
2026-08-29,A011,Санкт-Петербург,Чат,Консультация,7.09,0.94,1,0,4.9
2026-08-02,A004,Москва,Чат,Консультация,5.28,0.53,1,0,4.3
2026-08-20,A029,Казань,Чат,Техническая проблема,6.23,0.92,1,0,4.4
2026-08-23,A025,Санкт-Петербург,Телефон,Кредит,4.51,2.01,1,0,4.6
2026-08-23,A015,Казань,Телефон,Кредит,5.16,0.17,1,0,4.3
2026-08-15,A016,Санкт-Петербург,Телефон,Платеж,5.77,1.02,0,0,4.5
2026-08-30,A012,Казань,Чат,Платеж,4.41,2.31,1,0,3.7
2026-08-15,A016,Екатеринбург,Телефон,Консультация,5.23,1.71,1,0,4.4
2026-08-28,A006,Санкт-Петербург,Чат,Карта,2.87,2.25,1,0,4.7
2026-08-23,A026,Москва,Телефон,Карта,5.85,0.1,1,0,4.7
2026-08-13,A019,Санкт-Петербург,Чат,Платеж,3.79,0.57,1,0,4.1
2026-08-13,A003,Екатеринбург,Чат,Платеж,8.27,1.68,1,0,4.3
2026-08-26,A011,Москва,Телефон,Платеж,4.16,5.45,1,0,4.5
2026-08-27,A016,Екатеринбург,Телефон,Техническая проблема,5.93,3.12,1,0,4.6
2026-08-15,A006,Москва,Чат,Кредит,5.34,0.4,1,0,4.7
2026-08-20,A025,Екатеринбург,Чат,Карта,7.75,2.41,1,1,4.7
2026-08-07,A027,Москва,Телефон,Техническая проблема,3.83,0.83,1,0,4.4
2026-08-15,A018,Екатеринбург,Чат,Кредит,5.48,1.39,1,0,4.7
2026-08-11,A010,Казань,Чат,Кредит,3.79,4.06,0,0,3.8
2026-08-20,A017,Казань,Чат,Платеж,7.19,1.09,1,0,4.7
2026-08-31,A002,Казань,Телефон,Техническая проблема,2.79,2.2,1,0,4.7
2026-08-01,A008,Екатеринбург,Чат,Техническая проблема,2.29,1.89,1,0,3.5
2026-08-13,A013,Санкт-Петербург,Чат,Техническая проблема,4.21,1.06,1,0,4.8
2026-08-07,A018,Екатеринбург,Чат,Карта,3.96,1.22,1,0,4.4
2026-08-22,A005,Москва,Телефон,Консультация,4.31,1.92,1,0,5.0
2026-08-29,A016,Москва,Чат,Платеж,3.94,0.31,1,0,4.2
2026-08-28,A015,Санкт-Петербург,Чат,Техническая проблема,6.62,3.03,1,0,4.6
2026-08-27,A015,Санкт-Петербург,Чат,Карта,3.95,0.61,1,0,4.5
2026-08-19,A016,Казань,Телефон,Техническая проблема,3.25,1.3,1,0,4.0
2026-08-12,A002,Екатеринбург,Телефон,Техническая проблема,1.34,0.79,1,0,4.6
2026-08-16,A023,Казань,Телефон,Платеж,6.07,0.66,1,0,4.6
2026-08-29,A020,Екатеринбург,Телефон,Платеж,3.14,1.27,1,0,3.8
2026-08-22,A003,Москва,Чат,Техническая проблема,4.79,1.45,0,0,4.0
2026-08-01,A016,Екатеринбург,Чат,Техническая проблема,2.68,3.52,1,0,4.4
2026-08-12,A026,Санкт-Петербург,Чат,Карта,6.86,3.52,1,0,4.6
2026-08-24,A010,Екатеринбург,Чат,Консультация,4.5,1.7,1,0,5.0
2026-08-22,A010,Екатеринбург,Телефон,Карта,6.05,0.36,1,0,4.0
2026-08-28,A026,Санкт-Петербург,Чат,Карта,3.33,0.23,1,0,4.7
2026-08-09,A001,Санкт-Петербург,Телефон,Техническая проблема,6.96,1.3,0,0,4.8
2026-08-22,A015,Казань,Чат,Платеж,4.69,0.79,1,0,4.6
2026-08-06,A026,Москва,Телефон,Карта,4.81,1.32,0,0,4.3
2026-08-27,A005,Екатеринбург,Чат,Кредит,2.65,0.11,1,0,4.7
2026-08-21,A006,Казань,Телефон,Техническая проблема,2.72,0.45,1,0,4.1
2026-08-27,A004,Екатеринбург,Телефон,Платеж,5.4,1.47,1,0,4.6
2026-08-24,A025,Екатеринбург,Телефон,Кредит,2.35,1.4,1,0,3.6
2026-08-28,A014,Екатеринбург,Телефон,Карта,7.15,0.34,1,0,4.9
2026-08-17,A022,Казань,Телефон,Консультация,1.0,3.68,0,0,4.4
2026-08-30,A021,Казань,Чат,Карта,6.19,0.22,1,1,5.0
2026-08-21,A019,Санкт-Петербург,Чат,Кредит,3.53,0.74,1,0,4.5
2026-08-07,A017,Казань,Чат,Платеж,5.98,0.42,1,0,4.0
2026-08-27,A003,Москва,Телефон,Кредит,6.75,0.41,1,0,4.3
2026-08-12,A008,Санкт-Петербург,Чат,Карта,1.0,0.1,1,0,4.5
2026-08-02,A020,Москва,Телефон,Техническая проблема,9.92,1.78,1,0,3.9
2026-08-28,A020,Санкт-Петербург,Телефон,Кредит,3.23,0.1,0,0,4.8
2026-08-09,A010,Екатеринбург,Чат,Консультация,5.71,3.26,0,0,5.0
2026-08-14,A023,Санкт-Петербург,Чат,Карта,5.85,1.19,1,0,4.6
2026-08-02,A013,Москва,Чат,Карта,7.17,1.08,1,0,4.1
2026-08-06,A015,Санкт-Петербург,Телефон,Кредит,5.8,3.86,1,0,4.3
2026-08-16,A004,Екатеринбург,Телефон,Техническая проблема,3.76,0.88,1,0,4.4
2026-08-30,A015,Москва,Чат,Консультация,4.7,1.4,1,0,4.8
2026-08-09,A025,Екатеринбург,Чат,Консультация,4.11,0.85,1,0,4.5
2026-08-30,A002,Санкт-Петербург,Чат,Карта,4.67,10.57,1,0,5.0
2026-08-19,A001,Екатеринбург,Чат,Кредит,1.82,0.45,1,0,4.7
2026-08-26,A026,Санкт-Петербург,Телефон,Техническая проблема,2.94,0.13,1,0,3.7
2026-08-27,A025,Казань,Чат,Консультация,4.11,2.31,1,0,3.4
2026-08-02,A021,Казань,Телефон,Карта,7.52,0.1,1,0,4.8
2026-08-25,A010,Москва,Телефон,Платеж,6.37,1.19,0,0,3.9
2026-08-10,A023,Казань,Чат,Консультация,5.68,0.12,1,0,5.0
2026-08-15,A024,Москва,Телефон,Платеж,6.02,2.74,1,0,5.0
2026-08-19,A008,Москва,Чат,Кредит,6.55,1.31,1,0,4.7
2026-08-16,A018,Москва,Чат,Консультация,5.94,1.74,1,0,4.0
2026-08-24,A002,Санкт-Петербург,Чат,Консультация,3.9,0.39,1,0,4.6
2026-08-15,A022,Санкт-Петербург,Телефон,Техническая проблема,5.73,4.3,0,1,4.6
2026-08-05,A016,Москва,Телефон,Кредит,6.17,1.91,1,0,5.0
2026-08-01,A006,Москва,Телефон,Карта,5.54,1.8,1,0,4.8
2026-08-19,A003,Екатеринбург,Телефон,Консультация,5.03,2.27,1,0,3.9
2026-08-03,A026,Казань,Телефон,Кредит,3.67,0.68,1,0,4.1
2026-08-22,A013,Санкт-Петербург,Чат,Консультация,3.84,1.0,1,0,4.1
2026-08-07,A025,Санкт-Петербург,Телефон,Техническая проблема,5.23,0.37,1,0,4.8
2026-08-05,A025,Казань,Чат,Платеж,5.6,0.87,1,0,4.2
2026-08-30,A019,Москва,Телефон,Платеж,6.12,2.86,1,0,4.9
2026-08-13,A025,Екатеринбург,Телефон,Консультация,6.87,0.55,1,1,3.9
2026-08-30,A003,Екатеринбург,Чат,Кредит,5.51,0.71,1,0,4.6
2026-08-21,A009,Санкт-Петербург,Чат,Кредит,3.73,2.14,0,0,4.1
2026-08-02,A020,Москва,Телефон,Кредит,6.03,0.55,1,0,3.8
2026-08-12,A014,Санкт-Петербург,Телефон,Техническая проблема,7.08,2.71,1,0,4.6
2026-08-04,A020,Санкт-Петербург,Чат,Техническая проблема,3.95,0.17,1,0,4.7
2026-08-07,A009,Москва,Телефон,Платеж,3.49,1.02,1,0,5.0
2026-08-31,A030,Санкт-Петербург,Чат,Кредит,5.83,0.1,1,0,3.7
2026-08-02,A021,Санкт-Петербург,Чат,Карта,2.98,4.11,1,0,4.9
2026-08-26,A029,Москва,Чат,Консультация,4.61,4.16,1,0,4.7
2026-08-06,A006,Москва,Телефон,Кредит,4.36,1.55,1,0,4.7
2026-08-15,A019,Санкт-Петербург,Чат,Кредит,6.56,3.51,1,0,4.7
2026-08-08,A025,Санкт-Петербург,Телефон,Карта,5.02,0.25,1,0,4.2
2026-08-28,A007,Москва,Чат,Платеж,5.13,2.76,1,0,4.3
2026-08-29,A014,Екатеринбург,Телефон,Платеж,1.94,1.91,1,0,4.7
2026-08-15,A024,Казань,Телефон,Карта,6.32,2.59,1,0,5.0
2026-08-23,A019,Санкт-Петербург,Телефон,Карта,7.13,1.76,1,0,5.0
2026-08-14,A006,Казань,Чат,Платеж,5.65,1.57,1,0,4.9
2026-08-21,A020,Санкт-Петербург,Телефон,Техническая проблема,8.38,0.89,1,0,4.2
2026-08-16,A028,Екатеринбург,Телефон,Техническая проблема,6.1,4.74,1,0,3.8
2026-08-24,A014,Казань,Телефон,Платеж,4.83,1.35,1,0,4.7
2026-08-30,A019,Москва,Телефон,Техническая проблема,6.33,1.62,1,1,4.8
2026-08-16,A024,Екатеринбург,Телефон,Кредит,5.08,2.02,1,0,4.1
2026-08-27,A004,Санкт-Петербург,Чат,Кредит,3.29,5.12,1,0,5.0
2026-08-23,A024,Санкт-Петербург,Чат,Платеж,5.2,2.11,1,0,3.8
2026-08-03,A001,Санкт-Петербург,Чат,Карта,7.02,0.58,1,0,5.0
2026-08-24,A019,Екатеринбург,Телефон,Кредит,5.93,1.65,1,0,3.9
2026-08-13,A006,Москва,Чат,Кредит,6.21,1.09,0,1,4.0
2026-08-29,A023,Москва,Чат,Техническая проблема,6.91,0.33,1,0,4.6
2026-08-23,A020,Казань,Телефон,Консультация,8.0,3.28,1,1,4.8
2026-08-31,A030,Москва,Чат,Консультация,3.44,0.93,1,0,5.0
2026-08-02,A012,Москва,Чат,Платеж,5.63,0.58,1,0,3.9
2026-08-05,A011,Москва,Телефон,Техническая проблема,5.47,1.62,1,0,4.7
2026-08-25,A019,Казань,Телефон,Платеж,4.36,0.1,1,0,4.3
2026-08-22,A014,Москва,Чат,Консультация,3.75,1.68,1,0,4.3
2026-08-17,A017,Казань,Телефон,Кредит,3.16,3.58,1,0,4.7
2026-08-22,A023,Екатеринбург,Телефон,Платеж,4.9,2.41,1,0,4.5
2026-08-06,A010,Санкт-Петербург,Телефон,Консультация,6.81,10.61,1,0,4.1
2026-08-16,A005,Москва,Телефон,Техническая проблема,5.72,1.13,1,0,4.4
2026-08-18,A030,Казань,Телефон,Кредит,4.27,6.66,1,0,4.3
2026-08-01,A010,Москва,Телефон,Консультация,5.82,5.0,0,0,4.5
2026-08-31,A017,Казань,Чат,Кредит,4.83,0.13,1,0,4.1
2026-08-16,A019,Казань,Чат,Кредит,4.01,1.14,1,0,4.1
2026-08-10,A006,Екатеринбург,Чат,Платеж,4.32,0.33,1,0,4.3
2026-08-28,A002,Казань,Телефон,Карта,2.14,2.88,1,0,4.2
2026-08-30,A006,Санкт-Петербург,Чат,Платеж,3.03,0.48,1,0,3.9
2026-08-22,A026,Санкт-Петербург,Телефон,Платеж,4.51,0.79,1,0,4.1
2026-08-19,A005,Казань,Чат,Карта,4.38,0.43,1,0,4.5
2026-08-02,A022,Санкт-Петербург,Чат,Карта,4.52,0.76,1,0,4.5
2026-08-06,A018,Москва,Чат,Консультация,5.14,0.65,1,0,4.0
2026-08-05,A015,Москва,Чат,Платеж,7.63,0.27,0,0,4.5
2026-08-17,A011,Казань,Чат,Кредит,5.53,0.28,0,0,5.0
2026-08-19,A022,Екатеринбург,Телефон,Техническая проблема,2.63,1.2,1,0,4.8
2026-08-16,A029,Москва,Телефон,Платеж,5.05,0.66,1,0,4.0
2026-08-27,A008,Москва,Чат,Карта,3.07,2.32,1,0,3.4
2026-08-07,A019,Санкт-Петербург,Телефон,Карта,8.5,2.7,1,0,4.8
2026-08-15,A022,Екатеринбург,Телефон,Техническая проблема,4.45,1.39,1,0,4.8
2026-08-20,A017,Екатеринбург,Телефон,Карта,4.7,0.39,1,0,4.8
2026-08-12,A013,Казань,Чат,Консультация,8.26,1.22,1,0,4.4
2026-08-15,A028,Екатеринбург,Телефон,Платеж,7.44,0.81,1,0,4.4
2026-08-15,A010,Екатеринбург,Телефон,Кредит,4.71,0.72,1,0,4.9
2026-08-03,A005,Екатеринбург,Телефон,Карта,8.01,0.24,0,0,4.3
2026-08-11,A003,Москва,Чат,Консультация,5.67,1.56,1,0,3.8
2026-08-14,A006,Санкт-Петербург,Чат,Техническая проблема,9.19,0.47,1,0,4.3
2026-08-10,A018,Казань,Чат,Консультация,1.43,1.95,1,0,4.8
2026-08-18,A024,Москва,Чат,Платеж,5.59,0.37,1,0,3.9
2026-08-10,A021,Казань,Чат,Консультация,3.56,0.36,1,0,4.1
2026-08-23,A021,Москва,Телефон,Консультация,4.21,4.71,1,0,4.8
2026-08-03,A020,Екатеринбург,Чат,Техническая проблема,5.32,0.28,1,0,4.6
2026-08-21,A022,Казань,Чат,Консультация,7.39,0.82,1,0,4.2
2026-08-28,A009,Москва,Телефон,Техническая проблема,5.41,3.36,1,0,4.0
2026-08-23,A005,Москва,Чат,Платеж,4.24,2.01,1,0,4.6
2026-08-30,A012,Казань,Телефон,Карта,3.97,3.73,1,0,4.1
2026-08-17,A007,Санкт-Петербург,Телефон,Консультация,3.69,0.1,1,0,4.0
2026-08-27,A028,Казань,Чат,Карта,5.73,1.78,1,0,4.6
2026-08-27,A005,Казань,Телефон,Платеж,4.05,1.1,1,0,4.6
2026-08-11,A030,Санкт-Петербург,Телефон,Консультация,3.91,1.2,1,0,4.3
2026-08-07,A026,Екатеринбург,Телефон,Кредит,3.51,0.49,0,1,4.1
2026-08-05,A030,Казань,Телефон,Кредит,5.07,1.13,1,0,4.8
2026-08-27,A015,Казань,Чат,Платеж,4.11,1.2,1,0,4.6
2026-08-08,A005,Казань,Телефон,Платеж,8.69,13.9,1,0,3.8
2026-08-03,A014,Москва,Телефон,Консультация,4.25,3.16,1,0,5.0
2026-08-02,A007,Москва,Телефон,Консультация,4.12,1.29,1,0,3.9
2026-08-02,A003,Москва,Чат,Консультация,6.58,1.28,1,0,4.5
2026-08-07,A019,Казань,Телефон,Платеж,4.03,0.1,1,0,4.4
2026-08-24,A009,Санкт-Петербург,Чат,Карта,1.45,3.29,1,0,5.0
2026-08-20,A008,Москва,Телефон,Консультация,2.4,0.1,1,0,4.3
2026-08-31,A010,Москва,Телефон,Техническая проблема,4.17,1.69,0,0,4.5
2026-08-07,A030,Санкт-Петербург,Чат,Карта,3.73,0.86,1,0,4.2
2026-08-06,A027,Екатеринбург,Чат,Кредит,4.39,2.5,1,0,5.0
2026-08-04,A025,Екатеринбург,Чат,Консультация,5.79,0.49,1,0,4.2
2026-08-25,A012,Москва,Чат,Техническая проблема,6.43,4.76,1,0,5.0
2026-08-13,A010,Казань,Чат,Техническая проблема,4.05,0.1,1,0,4.3
2026-08-08,A018,Екатеринбург,Чат,Карта,5.38,2.69,1,1,5.0
2026-08-27,A026,Санкт-Петербург,Чат,Карта,3.94,0.1,1,0,3.9
2026-08-22,A004,Москва,Чат,Кредит,5.37,4.87,1,0,4.5
2026-08-23,A019,Москва,Телефон,Платеж,6.45,2.04,1,0,3.7
2026-08-07,A020,Санкт-Петербург,Чат,Консультация,6.76,5.29,1,0,4.2
2026-08-09,A025,Казань,Чат,Кредит,5.8,0.58,1,0,4.6
2026-08-13,A016,Екатеринбург,Чат,Платеж,6.78,8.31,1,0,5.0
2026-08-16,A008,Москва,Телефон,Консультация,3.24,0.15,1,0,3.8
2026-08-16,A022,Екатеринбург,Телефон,Платеж,2.25,0.76,1,0,4.2
2026-08-10,A020,Екатеринбург,Телефон,Консультация,4.36,4.75,1,0,3.9
2026-08-22,A016,Казань,Чат,Техническая проблема,5.78,0.29,1,0,3.9
2026-08-18,A018,Екатеринбург,Телефон,Консультация,5.1,1.25,0,0,4.6
2026-08-15,A011,Екатеринбург,Чат,Кредит,4.86,1.95,1,0,3.7
2026-08-22,A028,Екатеринбург,Чат,Платеж,6.68,1.55,1,0,4.8
2026-08-13,A016,Екатеринбург,Телефон,Техническая проблема,3.49,0.93,1,0,5.0
2026-08-19,A016,Санкт-Петербург,Чат,Техническая проблема,4.71,2.11,1,0,4.7
2026-08-16,A019,Казань,Чат,Техническая проблема,3.72,0.37,1,0,4.1
2026-08-02,A001,Казань,Телефон,Платеж,3.7,3.2,1,0,3.6
2026-08-01,A025,Москва,Чат,Кредит,5.83,1.36,1,0,4.1
2026-08-14,A012,Санкт-Петербург,Телефон,Платеж,5.09,0.64,1,0,3.6
2026-08-03,A030,Москва,Телефон,Карта,2.74,0.32,1,1,5.0
2026-08-11,A002,Екатеринбург,Чат,Кредит,5.42,4.19,1,0,3.9
2026-08-19,A001,Екатеринбург,Чат,Кредит,7.47,1.93,1,1,4.0
2026-08-16,A004,Екатеринбург,Телефон,Карта,8.64,4.12,1,0,4.8
2026-08-11,A006,Екатеринбург,Чат,Карта,2.22,0.1,1,0,4.0
2026-08-26,A003,Казань,Телефон,Карта,6.04,0.2,1,0,4.6
2026-08-13,A026,Москва,Телефон,Техническая проблема,3.17,0.23,1,0,5.0
2026-08-19,A011,Екатеринбург,Чат,Консультация,5.47,2.42,1,0,4.1
2026-08-03,A021,Казань,Чат,Техническая проблема,5.33,1.37,1,0,4.3
2026-08-07,A014,Екатеринбург,Чат,Карта,2.06,5.01,1,0,4.7
2026-08-29,A001,Екатеринбург,Телефон,Техническая проблема,1.77,0.1,1,0,4.0
2026-08-24,A015,Екатеринбург,Чат,Техническая проблема,5.43,1.1,0,0,4.3
2026-08-02,A017,Екатеринбург,Телефон,Карта,6.2,0.52,1,0,3.8
2026-08-22,A025,Екатеринбург,Чат,Кредит,1.84,3.12,1,0,4.9
2026-08-03,A021,Казань,Телефон,Кредит,5.03,0.78,1,0,5.0
2026-08-09,A022,Санкт-Петербург,Телефон,Кредит,7.28,0.72,1,0,4.2
2026-08-08,A026,Екатеринбург,Чат,Кредит,2.47,3.31,1,0,3.1
2026-08-21,A029,Санкт-Петербург,Телефон,Платеж,4.2,2.97,1,1,3.8
2026-08-26,A026,Санкт-Петербург,Чат,Техническая проблема,4.46,1.11,1,1,4.9
2026-08-24,A016,Москва,Телефон,Консультация,5.94,0.23,1,0,4.3
2026-08-03,A029,Москва,Чат,Карта,5.54,1.37,1,0,4.6
2026-08-27,A005,Москва,Телефон,Консультация,5.15,0.94,1,0,4.2
2026-08-31,A025,Москва,Чат,Кредит,6.02,6.38,1,0,4.0
2026-08-26,A011,Екатеринбург,Чат,Техническая проблема,8.3,0.13,1,0,4.6
2026-08-30,A014,Москва,Телефон,Платеж,3.47,1.71,1,0,4.3
2026-08-15,A014,Москва,Чат,Техническая проблема,5.52,0.14,1,0,4.6
2026-08-31,A004,Екатеринбург,Чат,Техническая проблема,6.49,0.93,1,0,3.5
2026-08-09,A029,Екатеринбург,Телефон,Карта,5.93,1.7,1,0,4.6
2026-08-01,A021,Санкт-Петербург,Телефон,Консультация,2.73,0.2,1,0,4.1
2026-08-21,A023,Санкт-Петербург,Чат,Консультация,3.28,2.03,1,0,3.6
2026-08-30,A013,Москва,Чат,Карта,4.2,0.91,0,0,4.5
2026-08-10,A007,Казань,Телефон,Кредит,4.52,3.16,0,0,4.2
2026-08-14,A026,Москва,Телефон,Карта,5.03,0.33,1,0,4.2
2026-08-16,A024,Екатеринбург,Чат,Карта,5.48,0.47,0,0,4.9
2026-08-27,A006,Москва,Чат,Техническая проблема,8.36,5.71,1,0,4.4
2026-08-27,A018,Москва,Чат,Кредит,5.84,4.9,1,0,4.3
2026-08-06,A021,Москва,Чат,Платеж,5.61,1.79,1,0,4.7
2026-08-11,A019,Санкт-Петербург,Телефон,Консультация,7.84,1.36,1,0,4.1
2026-08-25,A027,Екатеринбург,Телефон,Техническая проблема,3.88,2.37,1,0,5.0
2026-08-16,A028,Санкт-Петербург,Телефон,Карта,4.66,3.22,1,0,4.5
2026-08-26,A010,Екатеринбург,Телефон,Консультация,7.36,1.02,1,0,4.5
2026-08-13,A027,Москва,Телефон,Консультация,6.52,0.52,0,0,4.3
2026-08-21,A008,Санкт-Петербург,Телефон,Кредит,5.1,1.3,1,0,4.9
2026-08-02,A013,Казань,Чат,Техническая проблема,6.41,0.71,1,0,3.6
2026-08-06,A019,Екатеринбург,Телефон,Консультация,5.03,2.35,1,0,4.6
2026-08-27,A022,Санкт-Петербург,Чат,Консультация,7.55,2.95,1,0,3.9
2026-08-28,A027,Екатеринбург,Чат,Карта,4.97,2.75,1,0,4.7
2026-08-07,A020,Санкт-Петербург,Телефон,Карта,5.33,1.94,1,0,4.2
2026-08-05,A001,Санкт-Петербург,Чат,Карта,3.89,5.02,1,0,4.6
2026-08-12,A019,Москва,Чат,Консультация,6.0,0.45,1,0,3.9
2026-08-23,A013,Екатеринбург,Телефон,Кредит,6.01,0.97,1,0,3.6
2026-08-04,A018,Казань,Телефон,Консультация,4.61,0.97,0,0,4.2
2026-08-12,A020,Казань,Телефон,Консультация,5.9,0.16,1,0,4.5
2026-08-13,A022,Москва,Чат,Платеж,3.69,0.1,1,0,4.3
2026-08-17,A016,Санкт-Петербург,Чат,Кредит,7.09,0.32,1,0,5.0
2026-08-14,A005,Казань,Чат,Консультация,4.53,3.65,1,0,4.2
2026-08-28,A027,Екатеринбург,Чат,Карта,4.95,0.1,1,0,4.7
2026-08-20,A027,Казань,Чат,Техническая проблема,5.35,0.9,1,0,4.2
2026-08-24,A016,Екатеринбург,Телефон,Техническая проблема,5.33,0.1,1,0,4.2
2026-08-08,A006,Казань,Телефон,Кредит,3.98,0.1,1,0,4.9
2026-08-04,A029,Екатеринбург,Чат,Консультация,2.08,6.56,1,0,5.0
2026-08-16,A015,Санкт-Петербург,Чат,Консультация,2.08,2.22,1,0,4.6
2026-08-28,A010,Казань,Телефон,Платеж,6.05,0.85,1,0,4.3
2026-08-07,A019,Санкт-Петербург,Телефон,Техническая проблема,4.07,1.0,1,0,4.4
2026-08-25,A016,Москва,Телефон,Карта,5.98,0.46,1,0,4.6
2026-08-04,A013,Москва,Чат,Техническая проблема,6.34,4.8,1,0,4.2
2026-08-03,A015,Казань,Чат,Кредит,5.0,0.74,1,1,4.0
2026-08-02,A021,Санкт-Петербург,Чат,Карта,6.42,0.1,1,1,4.1
2026-08-21,A010,Москва,Чат,Консультация,1.0,0.73,1,0,4.2
2026-08-03,A013,Санкт-Петербург,Чат,Платеж,6.41,0.32,0,0,3.3
2026-08-03,A001,Екатеринбург,Телефон,Платеж,7.59,2.57,1,0,4.5
2026-08-25,A021,Казань,Телефон,Консультация,4.89,0.56,1,0,4.3
2026-08-26,A030,Санкт-Петербург,Чат,Техническая проблема,3.12,2.05,1,0,3.6
2026-08-12,A017,Екатеринбург,Телефон,Кредит,8.02,0.39,0,0,4.0
2026-08-19,A020,Екатеринбург,Чат,Консультация,2.83,3.91,1,0,4.7
2026-08-14,A021,Москва,Чат,Консультация,4.64,0.47,1,0,4.7
2026-08-22,A008,Москва,Телефон,Кредит,2.56,2.01,1,0,4.2
2026-08-30,A026,Санкт-Петербург,Чат,Карта,6.13,3.13,0,0,4.8
2026-08-10,A027,Екатеринбург,Телефон,Техническая проблема,3.21,2.41,1,1,4.3
2026-08-03,A030,Москва,Телефон,Техническая проблема,7.72,0.57,1,0,3.9
2026-08-15,A022,Казань,Чат,Карта,6.81,3.62,1,0,5.0
2026-08-01,A004,Санкт-Петербург,Чат,Платеж,4.7,1.74,1,1,3.6
2026-08-14,A029,Екатеринбург,Чат,Карта,2.44,0.72,1,0,3.6
2026-08-26,A009,Санкт-Петербург,Чат,Платеж,7.26,0.41,1,0,4.5
2026-08-20,A009,Москва,Телефон,Кредит,5.53,3.12,1,1,4.6
2026-08-06,A021,Екатеринбург,Чат,Кредит,7.85,0.1,0,0,4.5
2026-08-20,A024,Казань,Чат,Карта,3.49,2.61,1,0,4.1
2026-08-22,A013,Санкт-Петербург,Чат,Консультация,6.26,0.2,1,0,4.2
2026-08-27,A001,Санкт-Петербург,Телефон,Консультация,6.82,0.71,1,0,4.6
2026-08-08,A014,Казань,Телефон,Консультация,6.82,1.66,1,0,5.0
2026-08-14,A001,Санкт-Петербург,Телефон,Платеж,6.52,1.01,1,0,5.0
2026-08-16,A016,Санкт-Петербург,Телефон,Кредит,6.85,0.46,1,0,4.1
2026-08-27,A013,Москва,Телефон,Карта,3.31,1.77,1,0,4.7
2026-08-14,A014,Казань,Чат,Техническая проблема,3.75,0.11,1,0,4.7
2026-08-17,A019,Москва,Чат,Платеж,5.71,3.41,1,0,4.0
2026-08-11,A018,Екатеринбург,Телефон,Карта,4.68,4.76,0,1,3.4
2026-08-20,A021,Екатеринбург,Чат,Кредит,4.45,0.1,1,0,3.5
2026-08-07,A016,Санкт-Петербург,Чат,Кредит,4.87,0.1,1,0,4.3
2026-08-22,A011,Казань,Чат,Платеж,3.27,1.43,1,0,5.0
2026-08-14,A027,Санкт-Петербург,Чат,Кредит,4.22,1.96,1,0,4.0
2026-08-24,A003,Санкт-Петербург,Чат,Платеж,5.53,1.49,1,0,4.8
2026-08-04,A026,Казань,Чат,Кредит,3.81,0.17,1,0,4.4
2026-08-01,A012,Санкт-Петербург,Чат,Карта,2.2,4.49,1,0,4.9
2026-08-17,A002,Екатеринбург,Телефон,Карта,3.28,2.26,1,0,4.3
2026-08-18,A008,Казань,Чат,Карта,5.61,2.15,1,0,3.6
2026-08-25,A029,Москва,Чат,Платеж,5.4,2.03,1,0,4.5
2026-08-15,A026,Москва,Чат,Консультация,5.86,0.63,1,0,4.5
2026-08-28,A004,Москва,Телефон,Техническая проблема,6.37,1.81,1,0,3.9
2026-08-07,A030,Казань,Чат,Платеж,4.77,2.35,1,0,4.4
2026-08-16,A024,Казань,Телефон,Платеж,7.3,1.46,1,0,3.8
2026-08-28,A007,Москва,Чат,Кредит,3.62,0.18,1,0,4.2
2026-08-11,A010,Казань,Телефон,Консультация,3.83,0.93,1,0,4.5
2026-08-12,A021,Екатеринбург,Телефон,Платеж,6.79,0.23,1,0,4.7
2026-08-14,A014,Казань,Чат,Кредит,2.86,0.1,0,0,4.1
2026-08-25,A001,Казань,Телефон,Консультация,7.31,5.69,1,0,4.5
2026-08-06,A014,Москва,Телефон,Кредит,6.3,0.16,1,0,5.0
2026-08-29,A019,Казань,Телефон,Техническая проблема,1.33,1.68,1,0,4.8
2026-08-23,A018,Казань,Чат,Карта,2.7,0.18,1,0,4.1
2026-08-17,A020,Екатеринбург,Телефон,Кредит,4.07,0.35,1,0,4.3
2026-08-20,A026,Екатеринбург,Чат,Карта,5.14,1.37,1,0,4.5
2026-08-03,A002,Санкт-Петербург,Чат,Кредит,7.5,0.71,1,0,4.6
2026-08-07,A003,Казань,Чат,Техническая проблема,3.73,2.01,1,0,3.7
2026-08-01,A029,Казань,Чат,Платеж,3.12,0.26,1,0,4.9
2026-08-04,A024,Казань,Телефон,Карта,3.55,1.56,1,0,4.5
2026-08-02,A025,Казань,Телефон,Кредит,7.18,2.52,1,1,4.9
2026-08-11,A008,Казань,Телефон,Карта,5.2,2.36,1,0,4.9
2026-08-23,A019,Санкт-Петербург,Телефон,Кредит,3.07,0.1,1,0,4.6
2026-08-07,A027,Москва,Чат,Кредит,4.37,1.73,1,0,3.6
2026-08-14,A003,Екатеринбург,Телефон,Консультация,4.55,0.24,0,0,4.6
2026-08-15,A003,Екатеринбург,Чат,Техническая проблема,9.8,1.4,1,0,4.1
2026-08-13,A028,Екатеринбург,Чат,Техническая проблема,5.55,1.41,1,0,4.0
2026-08-23,A030,Санкт-Петербург,Чат,Кредит,6.38,3.09,1,0,3.8
2026-08-23,A015,Москва,Телефон,Техническая проблема,5.2,2.1,1,0,4.1
2026-08-02,A024,Казань,Телефон,Техническая проблема,3.69,1.71,0,0,3.9
